number,formid,intv_barcode,hh_barcode,hhid_census,check_census_info,ward_number,ask_hh_head,info_sheet,hh_head_consent,caste,home_language,main_source,hh_living_away,hh_remittances,hh_remittances_responsible,own_land,drinking_source,collect_water_time,toilet_type,share_toilet,room_number,electricty,hh_assets_1,hh_assets_2,hh_assets_3,hh_assets_4,hh_assets_5,hh_assets_6,hh_assets_7,hh_assets_8,hh_assets_9,hh_assets_10,hh_assets_11,hh_assets_12,hh_assets_13,hh_assets_14,hh_assets_15,hh_assets_16,hh_assets_17,transport_access_1,transport_access_2,transport_access_3,transport_access_4,transport_access_5,transport_access_6,transport_access_7,transport_access_8,walls_material,roof_material,floor_material,interview_language,today_text,date,hh_id,hh_income,hh_size,hh_survey_status,total_participants,sample_adult_f,sample_adult_m,sample_adolescent_f,sample_underfive,hh_income_census,hhcount,hhid_reg_new,village_name,hh_reg_complete,completed_time,started_time,username,received_on,hq_user,mergecase_id,regdate
138,decb98e3-1e78-4a6d-9ae3-be923d4f2571,JMPNA08,RIN127_Rini,I1027,Yes all correct,7,Yes,Yes,Yes,Matwali Chhetri,Nepali,Combination of own production and purchase,No,NA,NA,Yes,Tap in yard/plot,10,Pan Toilet,No,3,"Yes, electricity available",NA,NA,1,1,NA,NA,NA,NA,NA,1,NA,NA,NA,NA,NA,NA,NA,1,1,NA,1,1,NA,NA,NA,Stones and mud,Flat roof made of mud,Mud,Nepali,24 Ashwin 2078,44479,I1027,Selling own crop production,4,survey,3,1,1,1,0,Selling own crop production,201724,T201724,Rini,1,44479.4884,44479.48462,jmpna08,44481.2562,jmpna08,bccfff0a-5b20-4a1c-a21c-23860b799f46,44479
139,e9c4a823-41ce-479a-983b-c5fcae4936b3,JMPNA08,RIN126_Rini,I1126,Yes all correct,7,Yes,Yes,Yes,Matwali Chhetri,Nepali,Combination of own production and purchase,Yes - working,Yes,Mother,Yes,Tap in yard/plot,10,Pan Toilet,No,9,"Yes, electricity available",NA,1,1,1,1,NA,NA,NA,NA,1,NA,NA,NA,NA,NA,NA,NA,1,1,NA,NA,1,NA,NA,NA,Stones and mud,Metal sheets,Wooden planks,Nepali,24 Ashwin 2078,44479,I1126,Selling own crop production,10,survey,5,1,1,2,1,Selling own crop production,201788,T201788,Rini,1,44479.55215,44479.54858,jmpna08,44481.25624,jmpna08,fb91b906-9b10-439a-9e09-388212e8424c,44479
140,eca6a979-2a7f-45d6-972e-6266fdb694d2,JMPNA06,PAT117_Patmara,J1107,Yes all correct,7,Yes,Yes,Yes,Matwali Chhetri,Nepali,Purchase,No,NA,NA,Yes,Tap in yard/plot,10,Pan Toilet,No,4,"Yes, electricity available",NA,NA,1,1,NA,NA,NA,NA,NA,1,NA,NA,NA,NA,NA,NA,NA,1,1,NA,NA,1,NA,NA,NA,Stones and mud,Flat roof made of mud,Mud,Nepali,23 Ashwin 2078,44478,J1107,Selling own crop production,5,survey,4,1,1,2,0,Selling own crop production,200789,R200789,Patmara,1,44478.55461,44478.55012,jmpna06,44483.28377,jmpna06,cc77e75d-2d13-4b53-861a-975190017752,44478
141,505f0eb9-567d-476f-899f-5b972174204e,JMPNA06,PAT103_Patmara,J1022,Yes all correct,7,Yes,Yes,Yes,Matwali Chhetri,Nepali,Purchase,No,NA,NA,Yes,Tap in yard/plot,10,Pan Toilet,No,10,"Yes, electricity available",1,1,1,1,NA,NA,NA,1,NA,1,NA,NA,NA,NA,NA,NA,NA,1,1,NA,1,1,NA,NA,NA,Stones and mud,Metal sheets,Mud,Nepali,23 Ashwin 2078,44478,J1022,Office job,5,survey,3,1,1,0,1,Office job,200830,R200830,Patmara,1,44478.59451,44478.59094,jmpna06,44483.2838,jmpna06,db8fdc94-917c-4691-ac16-4510f66ac461,44478
142,0b163cdf-f749-4638-b955-c58609be1020,JMPNA06,PAT118_Patmara,J1111,Yes all correct,7,Yes,Yes,Yes,Matwali Chhetri,Nepali,Purchase,No,NA,NA,Yes,Tap in yard/plot,15,Pan Toilet,Yes,2,"Yes, electricity available",NA,1,1,1,NA,NA,NA,NA,NA,NA,NA,NA,NA,NA,NA,NA,NA,1,1,NA,NA,1,NA,NA,NA,Stones and mud,Flat roof made of mud,Mud,Nepali,23 Ashwin 2078,44478,J1111,Selling own livestock (meat & poultry),5,survey,3,1,1,0,1,Selling own livestock (meat & poultry),200864,R200864,Patmara,1,44478.62938,44478.62507,jmpna06,44483.29374,jmpna06,f144a57e-d57a-4595-8897-b6574bd922fe,44478
143,2e805cbc-d976-4548-8d12-5f1468e60553,JMPNA06,PAT102_Patmara,J1008,Yes partially correct,7,Yes,Yes,Yes,Matwali Chhetri,Nepali,Purchase,No,NA,NA,Yes,Tap in yard/plot,6,Pan Toilet,No,3,"Yes, electricity available",NA,NA,1,1,NA,NA,NA,NA,NA,NA,NA,NA,NA,NA,NA,NA,NA,1,NA,NA,1,NA,1,NA,NA,Stones and mud,Flat roof made of mud,Mud,Nepali,24 Ashwin 2078,44479,J1008,Selling own livestock (meat & poultry),9,survey,5,1,1,2,1,Selling own livestock (meat & poultry),201380,R201380,Patmara,1,44479.14458,44479.14075,jmpna06,44483.29376,jmpna06,03445407-da7c-4690-85d2-2642c8522aec,44479
144,085e2e18-3c21-4d02-ae68-963586b08712,JMPNA06,PAT114_Patmara,J1057,Yes all correct,7,Yes,Yes,Yes,Matwali Chhetri,Nepali,Combination of own production and purchase,No,NA,NA,Yes,Tap in yard/plot,5,Pan Toilet,No,4,"Yes, electricity available",1,NA,1,1,NA,NA,NA,NA,NA,NA,NA,NA,NA,NA,NA,NA,NA,1,1,NA,1,1,NA,NA,NA,Stones and mud,Flat roof made of mud,Mud,Nepali,25 Ashwin 2078,44480,J1057,Office job,8,survey,4,1,1,0,2,Office job,202765,R202765,Patmara,1,44480.53053,44480.52598,jmpna06,44483.29378,jmpna06,901c785a-cf75-4d19-b115-3dcd2eef5aa5,44480
145,e339da3e-19a3-4132-a2bd-a3627096c411,JMPNA06,PAT115_Patmara,J1065,Yes all correct,7,Yes,Yes,Yes,Matwali Chhetri,Nepali,Purchase,No,NA,NA,Yes,Tap in yard/plot,15,Pan Toilet,No,4,"Yes, electricity available",NA,1,NA,1,NA,NA,NA,NA,NA,NA,NA,NA,NA,NA,NA,NA,NA,1,NA,NA,NA,1,NA,NA,NA,Stones and mud,Flat roof made of mud,Mud,Nepali,25 Ashwin 2078,44480,J1065,Selling own crop production,4,survey,3,1,1,0,1,Selling own crop production,202794,R202794,Patmara,1,44480.56096,44480.55509,jmpna06,44483.2938,jmpna06,2544b039-312a-4523-8bf0-fe0a2d45516d,44480
146,9d3fae69-c87b-4803-8f87-69ef481a16bf,JMPNA06,PAT108_Patmara,J1103,Yes all correct,7,Yes,Yes,Yes,Matwali Chhetri,Nepali,Purchase,No,NA,NA,Yes,Tap in yard/plot,5,Pan Toilet,No,2,"Yes, electricity available",NA,NA,1,NA,NA,NA,NA,NA,NA,NA,NA,NA,NA,NA,NA,NA,NA,1,1,NA,1,1,NA,NA,NA,Stones and mud,Metal sheets,Wooden planks,Nepali,25 Ashwin 2078,44480,J1103,Selling own crop production,7,survey,3,1,1,0,1,Selling own crop production,202826,R202826,Patmara,1,44480.59166,44480.58715,jmpna06,44483.29383,jmpna06,3543c5c1-d25d-41ae-823f-98094c21f44a,44480
147,31422aec-b01d-4597-8baa-c52ea39eb23d,JMPNA06,PAT122_Patmara,J1015,Yes all correct,7,Yes,Yes,Yes,Matwali Chhetri,Nepali,Combination of own production and purchase,No,NA,NA,Yes,Tap in yard/plot,5,Pan Toilet,No,4,"Yes, electricity available",NA,NA,1,1,NA,NA,NA,1,NA,NA,NA,NA,NA,NA,NA,NA,NA,1,1,NA,1,1,NA,NA,NA,Stones and mud,Flat roof made of mud,Mud,Nepali,26 Ashwin 2078,44481,J1015,Office job,4,reserve,3,1,1,0,1,Office job,203538,R203538,Patmara,1,44481.31142,44481.29882,jmpna06,44483.29384,jmpna06,7bbf2556-77f1-400e-b13b-a2ea6d6b8a01,44481
148,238e6800-befa-43ba-a236-7a01a763c138,JMPNA06,PAT119_Patmara,J1122,Yes all correct,7,Yes,Yes,Yes,Matwali Chhetri,Nepali,Combination of own production and purchase,No,NA,NA,Yes,Tap in yard/plot,5,Pan Toilet,No,4,"Yes, electricity available",1,NA,1,1,NA,NA,NA,NA,NA,NA,NA,NA,NA,NA,NA,NA,NA,1,1,NA,1,1,NA,NA,NA,Stones and mud,Metal sheets,Wooden planks,Nepali,26 Ashwin 2078,44481,J1122,Selling own crop production,5,survey,3,1,1,1,0,Selling own crop production,203580,R203580,Patmara,1,44481.34517,44481.34084,jmpna06,44483.29387,jmpna06,900295f9-9567-4605-9038-475041bc1301,44481
149,4ee1d365-ae40-4719-9e2e-dcf987f7e2ab,JMPNA06,PAT113_Patmara,J1056,Yes all correct,7,Yes,Yes,Yes,Matwali Chhetri,Nepali,Combination of own production and purchase,No,NA,NA,Yes,Tap in yard/plot,5,Pan Toilet,No,3,"Yes, electricity available",NA,NA,NA,1,NA,NA,NA,NA,NA,NA,NA,NA,NA,NA,NA,NA,NA,1,NA,NA,1,1,NA,NA,NA,Stones and mud,Metal sheets,Mud,Nepali,26 Ashwin 2078,44481,J1056,Selling own crop production,4,survey,3,1,1,1,0,Selling own crop production,203622,R203622,Patmara,1,44481.38912,44481.38302,jmpna06,44483.2939,jmpna06,79a0bc80-71f4-4837-bf86-30cba60f43f2,44481
150,c84a2137-40a8-4ca6-89c6-286ca5252013,JMPNA06,PAT112_Patmara,J1052,Yes all correct,7,Yes,Yes,Yes,Matwali Chhetri,Nepali,Combination of own production and purchase,No,NA,NA,Yes,Tap in yard/plot,5,Pan Toilet,No,4,"Yes, electricity available",NA,NA,NA,1,NA,NA,NA,NA,NA,NA,NA,NA,NA,NA,NA,NA,NA,1,NA,NA,1,1,NA,NA,NA,Stones and mud,Flat roof made of mud,Mud,Nepali,26 Ashwin 2078,44481,J1052,Selling own livestock (meat & poultry),4,survey,3,1,1,0,1,Selling own livestock (meat & poultry),203658,R203658,Patmara,1,44481.42218,44481.41936,jmpna06,44483.29391,jmpna06,eb98d326-8be8-4b0d-b257-0bd8769cafa2,44481
151,c0971f52-51b0-4e23-8af4-818fbf8f2a4a,JMPNA06,PAT109_Patmara,J1047,Yes all correct,7,Yes,Yes,Yes,Matwali Chhetri,Nepali,Purchase,No,NA,NA,Yes,Tap in yard/plot,5,Pan Toilet,No,4,"Yes, electricity available",NA,NA,NA,1,NA,NA,NA,NA,NA,NA,NA,NA,NA,NA,NA,NA,NA,1,1,NA,1,1,NA,NA,NA,Stones and mud,Metal sheets,Mud,Nepali,26 Ashwin 2078,44481,J1047,Selling own livestock (meat & poultry),5,survey,3,1,1,0,1,Selling own livestock (meat & poultry),203698,R203698,Patmara,1,44481.46333,44481.45905,jmpna06,44483.29392,jmpna06,13644f6a-8523-4a09-8a28-a41006cc5537,44481
152,8a35a9fe-4088-41a7-a273-0cdc142dba67,JMPNA06,PAT111_Patmara,J1050,Yes all correct,7,Yes,Yes,Yes,Matwali Chhetri,Nepali,Combination of own production and purchase,No,NA,NA,Yes,Tap in yard/plot,5,Pan Toilet,No,6,"Yes, electricity available",NA,NA,1,NA,NA,NA,NA,NA,NA,1,NA,NA,NA,NA,NA,NA,NA,1,NA,NA,NA,1,NA,NA,NA,Stones and mud,Metal sheets,Mud,Nepali,26 Ashwin 2078,44481,J1050,Selling own crop production,4,survey,3,1,1,0,1,Selling own crop production,203726,R203726,Patmara,1,44481.48998,44481.48648,jmpna06,44483.29395,jmpna06,ded257a8-b96e-448d-aede-069b524e6e99,44481
153,f559531c-32ed-4d64-b40f-ad54fce8b669,JMPNA06,PAT107_Patmara,J1039,Yes all correct,7,Yes,Yes,Yes,Matwali Chhetri,Nepali,Combination of own production and purchase,No,NA,NA,Yes,Tap in yard/plot,6,Pan Toilet,No,6,"Yes, electricity available",NA,NA,1,NA,NA,NA,NA,NA,NA,NA,NA,NA,NA,NA,NA,NA,NA,1,1,NA,1,1,NA,NA,NA,Stones and mud,Metal sheets,Mud,Nepali,26 Ashwin 2078,44481,J1039,"Small scale trade (small market stall, very small shop at home)",5,survey,3,1,1,0,1,"Small scale trade (small market stall, very small shop at home)",203754,R203754,Patmara,1,44481.51976,44481.51468,jmpna06,44483.29396,jmpna06,d6d77c75-86cc-41cf-8c7a-dec65db29ee4,44481
154,af6015a6-a7d5-4590-b81d-a6c240a24ed9,JMPNA06,PAT110_Patmara,J1049,Yes all correct,7,Yes,Yes,Yes,Matwali Chhetri,Nepali,Combination of own production and purchase,No,NA,NA,Yes,Tap in yard/plot,5,Pan Toilet,No,4,"Yes, electricity available",NA,NA,1,NA,NA,NA,NA,NA,NA,NA,NA,NA,NA,NA,NA,NA,NA,1,NA,NA,NA,1,NA,NA,NA,Stones and mud,Flat roof made of mud,Mud,Nepali,27 Ashwin 2078,44482,J1049,Selling own crop production,4,survey,3,1,1,1,0,Selling own crop production,204323,R204323,Patmara,1,44482.08576,44482.08369,jmpna06,44483.29398,jmpna06,7fdaec0b-7d77-43ae-ab8c-30fc94e4c828,44482
155,8db529bb-2c60-4bc2-8916-fe7c6a15b29b,JMPNA06,PAT106_Patmara,J1032,Yes all correct,7,Yes,Yes,Yes,Matwali Chhetri,Nepali,Combination of own production and purchase,No,NA,NA,Yes,Tap in yard/plot,5,Pan Toilet,No,6,"Yes, electricity available",NA,NA,NA,1,NA,NA,NA,NA,NA,NA,NA,NA,NA,NA,NA,NA,NA,1,NA,NA,NA,1,NA,NA,NA,Stones and mud,Flat roof made of mud,Mud,Nepali,27 Ashwin 2078,44482,J1032,Selling own livestock (meat & poultry),8,survey,3,1,1,1,0,Selling own livestock (meat & poultry),204347,R204347,Patmara,1,44482.11115,44482.10748,jmpna06,44483.29399,jmpna06,e63c9e6c-a0b7-4e2a-b7bf-508c922f5233,44482
156,45d4269a-1094-4289-94e1-639ee893e0cb,JMPNA06,PAT124_Patmara,J1020,Yes all correct,7,Yes,Yes,Yes,Matwali Chhetri,Nepali,Combination of own production and purchase,No,NA,NA,Yes,Tap in yard/plot,5,Pan Toilet,No,3,"Yes, electricity available",1,1,1,1,NA,NA,NA,NA,NA,NA,NA,NA,NA,NA,NA,NA,NA,1,NA,NA,NA,1,NA,NA,NA,Stones and mud,Flat roof made of mud,Mud,Nepali,27 Ashwin 2078,44482,J1020,Selling own livestock (meat & poultry),7,reserve,4,0,1,1,2,Selling own livestock (meat & poultry),204382,R204382,Patmara,1,44482.14556,44482.14295,jmpna06,44483.29402,jmpna06,81be0f21-132e-4c89-8d6b-9256d6ad022c,44482
157,d8a4bf60-7693-49ca-81bc-bc15ae2fea8d,JMPNA06,PAT105_Patmara,J1026,Yes all correct,7,Yes,Yes,Yes,Matwali Chhetri,Nepali,Combination of own production and purchase,No,NA,NA,Yes,Tap in yard/plot,5,Pan Toilet,No,3,"Yes, electricity available",1,NA,1,1,NA,NA,NA,NA,NA,NA,NA,NA,NA,NA,NA,NA,NA,1,NA,NA,NA,1,NA,NA,NA,Stones and mud,Flat roof made of mud,Mud,Nepali,27 Ashwin 2078,44482,J1026,Office job,5,survey,3,1,1,0,1,Office job,204419,R204419,Patmara,1,44482.18348,44482.17991,jmpna06,44483.29404,jmpna06,cccd5d60-71e0-4252-ab93-2fe3d0afd3b1,44482
158,756ba631-a402-4a94-b695-44618a96cdd3,JMPNA06,PAT121_Patmara,J1009,Yes all correct,7,Yes,Yes,Yes,Matwali Chhetri,Nepali,Combination of own production and purchase,No,NA,NA,Yes,Tap in yard/plot,10,Pan Toilet,No,4,"Yes, electricity available",NA,NA,1,NA,NA,NA,NA,NA,NA,NA,NA,NA,NA,NA,NA,NA,NA,1,NA,NA,NA,NA,NA,NA,NA,Stones and mud,Flat roof made of mud,Mud,Nepali,27 Ashwin 2078,44482,J1009,Selling own livestock (meat & poultry),6,reserve,3,1,1,1,0,Selling own livestock (meat & poultry),204441,R204441,Patmara,1,44482.20613,44482.20235,jmpna06,44483.29406,jmpna06,80272677-c157-47e1-ac26-5add188f07e2,44482
159,d4c8b3e8-6655-4d44-88dd-c7a3f26b13a5,JMPNA06,PAT101_Patmara,J1006,Yes all correct,7,Yes,Yes,Yes,Matwali Chhetri,Nepali,Combination of own production and purchase,No,NA,NA,Yes,Tap in yard/plot,6,Pan Toilet,No,5,"Yes, electricity available",NA,1,1,1,NA,NA,NA,NA,NA,1,NA,NA,1,NA,NA,NA,NA,1,1,NA,1,1,NA,NA,NA,Stones and mud,Metal sheets,Wooden planks,Nepali,27 Ashwin 2078,44482,J1006,Office job,7,survey,5,1,1,3,0,Office job,204472,R204472,Patmara,1,44482.23671,44482.2326,jmpna06,44483.29407,jmpna06,b9dcaa2f-5786-49c3-b868-67b73c4872a4,44482
160,427234df-66c5-4190-954e-73cbeda8c367,JMPNA01,CHA101_Chaur,D1113,Yes all correct,3,Yes,Yes,Yes,Matwali Chhetri,Nepali,Combination of own production and purchase,Yes - studying,NA,NA,Yes,Tap in yard/plot,8,Pan Toilet,No,4,"Yes, electricity available",1,NA,1,1,NA,NA,NA,1,NA,1,NA,NA,NA,NA,NA,NA,NA,1,1,NA,1,1,NA,NA,NA,Stones and mud,Flat roof made of mud,Mud,Nepali,23 Ashwin 2078,44478,D1113,Office job,9,survey,4,1,1,1,1,Office job,200811,M200811,Chaur,1,44478.58096,44478.57188,jmpna01,44485.45965,jmpna01,7d4f2f34-f77e-4fda-9459-700d9ee6d869,44478
161,2eb1b407-e82a-46ae-b309-fd96c006c185,JMPNA01,CHA102_Chaur,D1041,Yes all correct,3,Yes,Yes,Yes,Matwali Chhetri,Nepali,Combination of own production and purchase,No,NA,NA,Yes,Tap in yard/plot,5,Pan Toilet,No,6,"Yes, electricity available",NA,NA,NA,1,NA,NA,NA,NA,NA,NA,NA,NA,NA,NA,NA,NA,NA,1,NA,NA,1,1,NA,NA,NA,Stones and mud,Metal sheets,Wooden planks,Nepali,24 Ashwin 2078,44479,D1041,Mushroom picking/ yachagumba,6,survey,5,1,1,2,1,Mushroom picking/ yachagumba,201512,M201512,Chaur,1,44479.27939,44479.27333,jmpna01,44485.45969,jmpna01,82a2a2e8-e46d-42ec-9729-8a81aaf748e1,44479
162,965cbecb-dc49-499f-a4e6-6a130db94f50,JMPNA01,CHA103_Chaur,D1064,Yes all correct,3,Yes,Yes,Yes,Matwali Chhetri,Nepali,Combination of own production and purchase,Yes - studying,NA,NA,Yes,Tap in yard/plot,5,Pan Toilet,No,3,"Yes, electricity available",NA,NA,1,1,NA,NA,NA,NA,NA,NA,NA,NA,NA,NA,NA,NA,NA,1,NA,NA,1,1,NA,NA,NA,Stones and mud,Flat roof made of mud,Mud,Nepali,24 Ashwin 2078,44479,D1064,Mushroom picking/ yachagumba,5,survey,3,1,1,1,0,Mushroom picking/ yachagumba,201682,M201682,Chaur,1,44479.45294,44479.44332,jmpna01,44485.45975,jmpna01,1ac55372-fb24-489b-a6d6-fa5f3680a14a,44479
163,b5afa445-1390-454d-b8ec-46e6852e5378,JMPNA01,CHA129_Chaur,D1148,Yes all correct,3,Yes,Yes,Yes,Newari,Nepali,Combination of own production and purchase,No,NA,NA,Yes,Tap in yard/plot,5,Pan Toilet,No,3,"Yes, electricity available",NA,NA,NA,1,NA,NA,NA,NA,NA,NA,NA,NA,NA,NA,NA,NA,NA,1,NA,NA,1,1,NA,NA,NA,Stones and mud,Flat roof made of mud,Mud,Nepali,24 Ashwin 2078,44479,D1148,Selling own crop production,5,survey,4,1,1,1,1,Selling own crop production,201742,M201742,Chaur,1,44479.50789,44479.50326,jmpna01,44485.45978,jmpna01,63c5158f-a624-4de2-9bb3-8e48dcb51371,44479
164,a0420db5-ea5c-4a43-bb6e-59a0e8897665,JMPNA01,CHA130_Chaur,D1150,Yes all correct,3,Yes,Yes,Yes,Matwali Chhetri,Nepali,Combination of own production and purchase,No,NA,NA,Yes,Tap in yard/plot,10,Pan Toilet,No,3,"Yes, electricity available",NA,NA,1,1,NA,NA,NA,NA,NA,NA,NA,NA,NA,NA,NA,NA,NA,1,NA,NA,1,1,NA,NA,NA,Stones and mud,Flat roof made of mud,Mud,Nepali,24 Ashwin 2078,44479,D1150,Selling own crop production,5,survey,4,1,1,1,1,Selling own crop production,201783,M201783,Chaur,1,44479.54688,44479.54341,jmpna01,44485.45983,jmpna01,0b712e72-c18f-4475-beff-e7df0d9a5de5,44479
165,4470e732-595b-4a7b-b936-e22e041a1f1b,JMPNA01,CHA127_Chaur,D1036,Yes all correct,3,Yes,Yes,Yes,Matwali Chhetri,Nepali,Combination of own production and purchase,No,NA,NA,Yes,Tap in yard/plot,5,Pan Toilet,No,2,"Yes, electricity available",NA,NA,NA,1,NA,NA,NA,NA,NA,NA,NA,NA,NA,NA,NA,NA,NA,1,NA,NA,1,NA,NA,NA,NA,Stones and mud,Flat roof made of mud,Mud,Nepali,24 Ashwin 2078,44479,D1036,Selling own crop production,8,survey,4,1,1,1,1,Selling own crop production,201825,M201825,Chaur,1,44479.58899,44479.58553,jmpna01,44485.45986,jmpna01,2a50a859-e760-4838-b9f6-436507a2c465,44479
166,fc351f4c-b9ab-4cab-83c3-cb47940a0a08,JMPNA01,CHA128_Chaur,D1050,Yes all correct,3,Yes,Yes,Yes,Matwali Chhetri,Nepali,Combination of own production and purchase,No,NA,NA,Yes,Tap in dwelling,20,Pan Toilet,No,2,"Yes, electricity available",NA,NA,NA,1,NA,NA,NA,NA,NA,NA,NA,NA,NA,NA,NA,NA,NA,1,NA,NA,1,1,NA,NA,NA,Stones and mud,Metal sheets,Mud,Nepali,24 Ashwin 2078,44479,D1050,Daily paid labour,6,reserve,4,1,1,2,0,Daily paid labour,201850,M201850,Chaur,1,44479.61688,44479.61072,jmpna01,44485.4599,jmpna01,1d820f5a-90b0-42c1-b6dd-c79992c82086,44479
167,0d7005ef-ac51-424f-a4ae-3b90802d693e,JMPNA01,CHA125_Chaur,D1123,Yes all correct,3,Yes,Yes,Yes,Matwali Chhetri,Nepali,Combination of own production and purchase,Yes - working,Yes,You,Yes,Tap in yard/plot,25,Pan Toilet,No,7,"Yes, electricity available",NA,1,1,1,NA,NA,NA,NA,NA,1,NA,NA,NA,NA,NA,NA,NA,1,NA,NA,1,1,NA,NA,NA,Stones and mud,Metal sheets,Mud,Nepali,25 Ashwin 2078,44480,D1123,Selling own crop production,9,survey,5,1,1,1,2,Selling own crop production,202452,M202452,Chaur,1,44480.21848,44480.21334,jmpna01,44485.45993,jmpna01,f29b3bf7-3cee-4c4c-96b0-e1a973ed03a1,44480
168,1f580264-824d-4c31-8750-1399ca7fdddb,JMPNA01,CHA126_Chaur,D1189,Yes all correct,3,Yes,Yes,Yes,Matwali Chhetri,Nepali,Combination of own production and purchase,Yes - studying,NA,NA,Yes,Tap in yard/plot,5,Pan Toilet,No,4,"Yes, electricity available",1,NA,1,1,NA,NA,NA,NA,NA,NA,NA,NA,NA,NA,NA,NA,NA,1,1,NA,1,1,NA,NA,NA,Stones and mud,Flat roof made of mud,Mud,Nepali,25 Ashwin 2078,44480,D1189,Selling own livestock (meat & poultry),13,survey,5,1,1,2,1,Selling own livestock (meat & poultry),202509,M202509,Chaur,1,44480.27565,44480.26985,jmpna01,44485.45997,jmpna01,2859a780-7a64-43da-98f9-884e7ec995ac,44480
169,63250a00-287d-4710-90e1-073c5e76b6b2,JMPNA01,CHA123_Chaur,D1132,Yes all correct,3,Yes,Yes,Yes,Matwali Chhetri,Nepali,Combination of own production and purchase,Yes - studying,NA,NA,Yes,Tap in yard/plot,5,Pan Toilet,No,4,"Yes, electricity available",NA,NA,1,1,NA,NA,NA,NA,NA,1,NA,NA,NA,NA,NA,NA,NA,1,NA,NA,1,1,NA,NA,NA,Stones and mud,Flat roof made of mud,Mud,Nepali,25 Ashwin 2078,44480,D1132,Selling own crop production,7,survey,3,1,1,0,1,Selling own crop production,202724,M202724,Chaur,1,44480.48913,44480.48493,jmpna01,44485.46,jmpna01,759f41c1-10db-49e4-9329-bd166070c886,44480
170,0e50f981-43cf-413f-8e5d-149a6f8526b2,JMPNA01,CHA124_Chaur,D1157,Yes all correct,3,Yes,Yes,Yes,Matwali Chhetri,Nepali,Combination of own production and purchase,No,NA,NA,Yes,Tap in yard/plot,5,Pan Toilet,No,4,"Yes, electricity available",1,NA,NA,1,NA,NA,NA,NA,NA,NA,NA,NA,NA,NA,NA,NA,NA,1,NA,NA,1,1,NA,NA,NA,Stones and mud,Flat roof made of mud,Mud,Nepali,25 Ashwin 2078,44480,D1157,Selling own crop production,7,survey,5,1,1,1,2,Selling own crop production,202756,M202756,Chaur,1,44480.52163,44480.51654,jmpna01,44485.46006,jmpna01,68a29019-e0ed-47cd-a5e2-bfae1fc13351,44480
171,3e24e665-1b83-4b97-885c-2d1ad8bfce14,JMPNA01,CHA121_Chaur,D1159,Yes all correct,3,Yes,Yes,Yes,Matwali Chhetri,Nepali,Combination of own production and purchase,No,NA,NA,Yes,Tap in yard/plot,7,Pan Toilet,No,4,"Yes, electricity available",NA,NA,NA,1,NA,NA,NA,NA,NA,NA,NA,NA,NA,NA,NA,NA,NA,1,NA,NA,1,1,NA,NA,NA,Stones and mud,Flat roof made of mud,Mud,Nepali,25 Ashwin 2078,44480,D1159,Selling own crop production,10,survey,5,1,1,2,1,Selling own crop production,202792,M202792,Chaur,1,44480.55678,44480.55288,jmpna01,44485.46009,jmpna01,408b9e84-ed39-4760-ada5-9b5987bde939,44480
172,7a1b9425-71df-41a6-a28d-e6eca5eef098,JMPNA01,CHA122_Chaur,D1129,Yes all correct,3,Yes,Yes,Yes,Matwali Chhetri,Nepali,Combination of own production and purchase,No,NA,NA,Yes,Tap in yard/plot,5,Pan Toilet,No,5,"Yes, electricity available",NA,1,NA,1,NA,NA,NA,NA,NA,NA,NA,NA,NA,NA,NA,NA,NA,1,NA,NA,1,1,NA,NA,NA,Stones and mud,Flat roof made of mud,Wooden planks,Nepali,25 Ashwin 2078,44480,D1129,Selling own crop production,7,survey,4,1,1,1,1,Selling own crop production,202819,M202819,Chaur,1,44480.58288,44480.57983,jmpna01,44485.46013,jmpna01,0bdbc8c7-0b55-42a5-96bc-149900a1604f,44480
173,e975d6f2-406c-402f-a5dd-9a01f10c2e34,JMPNA01,CHA119_Chaur,D1135,Yes all correct,3,Yes,Yes,Yes,Matwali Chhetri,Nepali,Combination of own production and purchase,No,NA,NA,Yes,Tap in yard/plot,3,Pan Toilet,No,4,"Yes, electricity available",1,NA,NA,1,NA,NA,NA,NA,NA,NA,NA,NA,NA,NA,NA,NA,NA,1,NA,NA,1,1,NA,NA,NA,Stones and mud,Metal sheets,Mud,Nepali,25 Ashwin 2078,44480,D1135,Selling own crop production,7,survey,5,1,1,1,2,Selling own crop production,202860,M202860,Chaur,1,44480.62409,44480.62109,jmpna01,44485.46016,jmpna01,50fef2e0-2893-4cac-a4f0-5fb1950ccda4,44480
174,1bb47f85-5469-4af8-a464-fbbae774bf67,JMPNA01,CHA120_Chaur,D1080,Yes all correct,3,Yes,Yes,Yes,Matwali Chhetri,Nepali,Combination of own production and purchase,No,NA,NA,Yes,Tap in yard/plot,10,Pan Toilet,No,4,"Yes, electricity available",NA,NA,NA,1,NA,NA,NA,NA,NA,NA,NA,NA,NA,NA,NA,NA,NA,1,NA,NA,1,1,NA,NA,NA,Stones and mud,Flat roof made of mud,Mud,Nepali,26 Ashwin 2078,44481,D1080,Selling own crop production,10,survey,5,1,1,1,2,Selling own crop production,203740,M203740,Chaur,1,44481.50556,44481.50124,jmpna01,44485.46019,jmpna01,234074d0-18aa-4b06-ab19-b64ca107c2f9,44481
175,c048b0d0-db15-4721-88f7-ebc47a1c0373,JMPNA01,CHA117_Chaur,D1087,Yes all correct,3,Yes,Yes,Yes,Matwali Chhetri,Nepali,Combination of own production and purchase,No,NA,NA,Yes,Tap in yard/plot,10,Pan Toilet,No,5,"Yes, electricity available",1,1,1,1,NA,NA,NA,NA,NA,NA,NA,NA,NA,NA,NA,NA,NA,1,NA,NA,1,1,NA,NA,NA,Stones and mud,Flat roof made of mud,Mud,Nepali,26 Ashwin 2078,44481,D1087,Selling own crop production,7,survey,4,1,1,1,1,Selling own crop production,203773,M203773,Chaur,1,44481.53764,44481.53367,jmpna01,44485.46023,jmpna01,c83caa9e-7557-4780-918c-03beb0ad2888,44481
176,d4f500af-3f76-421e-99c4-f7429e77d9b7,JMPNA01,CHA118_Chaur,D1124,Yes all correct,3,Yes,Yes,Yes,Matwali Chhetri,Nepali,Combination of own production and purchase,No,NA,NA,Yes,Tap in yard/plot,20,Pan Toilet,No,4,"Yes, electricity available",1,1,1,1,NA,NA,NA,NA,NA,NA,NA,NA,NA,NA,NA,NA,NA,1,NA,NA,1,1,NA,NA,NA,Stones and mud,Flat roof made of mud,Mud,Nepali,26 Ashwin 2078,44481,D1124,Selling own crop production,9,survey,5,1,1,1,2,Selling own crop production,203795,M203795,Chaur,1,44481.55859,44481.55556,jmpna01,44485.46027,jmpna01,4f02c2b9-f0c2-4b0c-83a8-e1b92b77ebab,44481
177,8b917490-e203-4c98-ba72-233d43f32ffc,JMPNA01,CHA115_Chaur,D1170,Yes all correct,3,Yes,Yes,Yes,Matwali Chhetri,Nepali,Combination of own production and purchase,Yes - working,Yes,Your spouse,Yes,Tap in yard/plot,10,Pan Toilet,No,4,"Yes, electricity available",NA,1,1,1,NA,NA,NA,NA,NA,NA,NA,NA,NA,NA,NA,NA,NA,1,NA,NA,1,1,NA,NA,NA,Stones and mud,Metal sheets,Wooden planks,Nepali,26 Ashwin 2078,44481,D1170,Selling own crop production,6,survey,4,1,1,1,1,Selling own crop production,203819,M203819,Chaur,1,44481.58313,44481.58029,jmpna01,44485.4603,jmpna01,65619ecb-b41f-4b4d-8346-8e3e819e1bb0,44481
178,9994fd42-9655-4331-a586-da2c5a2a5987,JMPNA01,CHA116_Chaur,D1187,Yes all correct,3,Yes,Yes,Yes,Matwali Chhetri,Nepali,Combination of own production and purchase,No,NA,NA,Yes,Tap in yard/plot,5,Pan Toilet,No,2,"Yes, electricity available",NA,NA,1,1,NA,NA,NA,NA,NA,NA,NA,NA,NA,NA,NA,NA,NA,1,NA,NA,1,1,NA,NA,NA,Stones and mud,Flat roof made of mud,Mud,Nepali,28 Ashwin 2078,44483,D1187,Selling own crop production,15,survey,5,1,1,1,2,Selling own crop production,205317,M205317,Chaur,1,44483.08304,44483.0784,jmpna01,44485.46034,jmpna01,d04d2a60-4ae9-43d7-9724-4f274ac13acd,44483
179,b9f9f277-5069-43f3-a210-a7a5d7c49a52,JMPNA01,CHA113_Chaur,D1105,Yes all correct,3,Yes,Yes,Yes,Matwali Chhetri,Nepali,Combination of own production and purchase,No,NA,NA,Yes,Tap in yard/plot,10,Pan Toilet,No,2,"Yes, electricity available",NA,NA,NA,1,NA,NA,NA,NA,NA,NA,NA,NA,NA,NA,NA,NA,NA,1,NA,NA,1,1,NA,NA,NA,Stones and mud,Flat roof made of mud,Mud,Nepali,28 Ashwin 2078,44483,D1105,Selling own crop production,5,survey,4,1,1,1,1,Selling own crop production,205716,M205716,Chaur,1,44483.48066,44483.47736,jmpna01,44485.46037,jmpna01,f72b41b2-6dd9-40e3-acf1-ce5515ca87f6,44483
180,f7ae0b1b-3842-4b4a-95b4-e8c1d19fec73,JMPNA10,URT102_Urthu,H1043,Yes all correct,6,Yes,Yes,Yes,Matwali Chhetri,Nepali,Combination of own production and purchase,Yes - studying,NA,NA,Yes,Tap in yard/plot,5,Pan Toilet,No,3,"Yes, electricity available",NA,1,1,1,1,NA,NA,NA,NA,1,NA,NA,NA,NA,NA,NA,NA,1,1,NA,1,1,1,NA,NA,Stones and mud,Flat roof made of mud,Mud,Nepali,23 Ashwin 2078,44478,H1043,Selling own crop production,6,reserve,3,1,1,1,0,Selling own crop production,200421,V200421,Urthu,1,44478.20197,44478.18233,jmpna10,44489.24993,jmpna10,c080a5b8-089c-4d49-a992-c2c72de5f016,44478
181,fdafa72a-e9a8-4987-9224-55eb852cd664,JMPNA10,URT103_Urthu,H1047,Yes all correct,6,Yes,Yes,Yes,Matwali Chhetri,Nepali,Combination of own production and purchase,No,NA,NA,Yes,Tap in yard/plot,5,Pan Toilet,No,3,"Yes, electricity available",NA,1,1,1,NA,NA,NA,NA,NA,NA,NA,NA,NA,NA,NA,NA,NA,1,1,NA,1,1,NA,NA,NA,Stones and mud,Flat roof made of mud,Mud,Nepali,1 Kartik 2078,44487,H1047,"Making things for sale  (carpenter, tailor, jeweller, etc)",6,survey,5,1,1,2,1,"Making things for sale  (carpenter, tailor, jeweller, etc)",209370,V209370,Urthu,1,44487.15786,44487.13122,jmpna10,44489.24997,jmpna10,54c22086-90b3-460d-900c-4e072bf0f7e5,44487
182,c109b711-6acb-442a-b10b-e9b7f7135c2b,JMPNA10,URT104_Urthu,H1014,Yes all correct,6,Yes,Yes,Yes,Matwali Chhetri,Nepali,Combination of own production and purchase,No,NA,NA,Yes,Tap in yard/plot,6,Pan Toilet,No,4,"Yes, electricity available",NA,1,1,1,NA,NA,NA,NA,NA,NA,NA,NA,NA,NA,NA,NA,NA,1,1,NA,1,1,NA,NA,NA,Stones and mud,Flat roof made of mud,Mud,Nepali,1 Kartik 2078,44487,H1014,Selling own crop production,6,survey,3,1,1,0,1,Selling own crop production,209432,V209432,Urthu,1,44487.19611,44487.19249,jmpna10,44489.25,jmpna10,0af891cc-7b7c-4487-ae85-c5537f483791,44487
183,771afe41-7c17-4bbf-9b8f-e9a53773b82a,JMPNA10,URT106_Urthu,H1027,Yes partially correct,6,Yes,Yes,Yes,Matwali Chhetri,Nepali,Combination of own production and purchase,No,NA,NA,Yes,Tap in yard/plot,4,Pan Toilet,No,10,"Yes, electricity available",1,1,1,1,1,NA,NA,1,NA,1,NA,NA,NA,NA,NA,NA,NA,1,1,NA,1,1,NA,NA,NA,Stones and mud,Metal sheets,Mud,Nepali,1 Kartik 2078,44487,H1027,Selling own crop production,7,survey,3,1,1,0,1,Selling own crop production,209459,V209459,Urthu,1,44487.22365,44487.22015,jmpna10,44489.25007,jmpna10,b63a53d5-c046-41fa-a856-d22ecc38455d,44487
184,e7ad966e-4680-4d5b-82cd-60a236ec1221,JMPNA10,URT107_Urthu,H1042,Yes partially correct,6,Yes,Yes,Yes,Matwali Chhetri,Nepali,Combination of own production and purchase,No,NA,NA,Yes,Tap in yard/plot,10,Pan Toilet,Yes,3,"Yes, electricity available",NA,NA,1,1,NA,NA,NA,NA,NA,NA,NA,NA,NA,NA,NA,NA,NA,1,NA,NA,1,1,NA,NA,NA,Stones and mud,Flat roof made of mud,Mud,Nepali,1 Kartik 2078,44487,H1042,Selling own crop production,7,survey,5,1,1,3,0,Selling own crop production,209512,V209512,Urthu,1,44487.27716,44487.27262,jmpna10,44489.25013,jmpna10,133377ad-74f0-4b64-bae2-2a2857862a96,44487
185,8b605dfe-a532-4d90-81a3-0796a2cf6cb1,JMPNA10,URT108_Urthu,H1050,Yes all correct,6,Yes,Yes,Yes,Matwali Chhetri,Nepali,Combination of own production and purchase,No,NA,NA,Yes,Tap in yard/plot,5,Pan Toilet,No,11,"Yes, electricity available",1,1,1,1,NA,NA,NA,NA,NA,1,NA,NA,NA,NA,NA,NA,NA,1,1,NA,1,NA,NA,NA,NA,Stones and mud,Metal sheets,Wooden planks,Nepali,1 Kartik 2078,44487,H1050,Selling own crop production,7,survey,3,1,1,1,0,Selling own crop production,209543,V209543,Urthu,1,44487.30826,44487.30354,jmpna10,44489.25015,jmpna10,6004da01-b72b-4386-ac27-85fdf66aa77e,44487
186,dac34b1a-1cd5-4f12-9b63-a85ca4103307,JMPNA10,URT109_Urthu,H1054,Yes all correct,6,Yes,Yes,Yes,Matwali Chhetri,Nepali,Combination of own production and purchase,No,NA,NA,Yes,Tap in yard/plot,5,Pan Toilet,No,11,"Yes, electricity available",1,1,1,1,NA,NA,NA,1,NA,1,NA,NA,NA,NA,NA,NA,NA,1,1,NA,1,1,NA,NA,NA,Stones and mud,Metal sheets,Mud,Nepali,1 Kartik 2078,44487,H1054,Office job,5,survey,3,1,1,0,1,Office job,209623,V209623,Urthu,1,44487.38959,44487.38384,jmpna10,44489.25016,jmpna10,5c10607d-959c-4acc-8ca5-abedb5113117,44487
187,e400e1d0-b6a3-44c1-8d27-d00fe556f792,JMPNA10,URT111_Urthu,H1066,Yes all correct,6,Yes,Yes,Yes,Matwali Chhetri,Nepali,Combination of own production and purchase,No,NA,NA,Yes,Tap in yard/plot,5,Pan Toilet,No,2,"Yes, electricity available",NA,NA,1,1,NA,NA,NA,NA,NA,NA,NA,NA,NA,NA,NA,NA,NA,1,NA,NA,1,NA,NA,NA,NA,Stones and mud,Flat roof made of mud,Mud,Nepali,1 Kartik 2078,44487,H1066,Selling own crop production,7,survey,5,1,1,2,1,Selling own crop production,209659,V209659,Urthu,1,44487.42623,44487.4199,jmpna10,44489.2502,jmpna10,1bbea934-8453-4c9c-a8d5-c2005d6e5def,44487
188,4e11d47b-dbbb-49b2-97cd-c61d3a4aa5dc,JMPNA10,URT110_Urthu,H1073,Yes all correct,6,Yes,Yes,Yes,Matwali Chhetri,Nepali,Combination of own production and purchase,No,NA,NA,Yes,Tap in yard/plot,5,Pan Toilet,No,9,"Yes, electricity available",1,1,1,1,NA,NA,NA,NA,NA,NA,NA,NA,NA,NA,NA,NA,NA,1,1,1,1,1,NA,NA,NA,Stones and mud,Flat roof made of mud,Mud,Nepali,3 Kartik 2078,44489,H1073,Selling own crop production,8,survey,4,1,1,1,1,Selling own crop production,211490,V211490,Urthu,1,44489.25613,44489.25058,jmpna10,44489.25625,jmpna10,4be4af52-3afa-4236-a6dd-140f4012479e,44489
189,668cf997-e77a-41a7-b14a-172b02314f5f,JMPNA05,LUM101_Lum,E1075,Yes all correct,4,Yes,Yes,Yes,Matwali Chhetri,Nepali,Combination of own production and purchase,No,NA,NA,Yes,Tap in yard/plot,6,Pan Toilet,No,7,"Yes, electricity available",NA,NA,1,1,NA,NA,NA,NA,NA,NA,NA,NA,NA,NA,NA,NA,NA,1,1,NA,1,NA,NA,NA,NA,Stones and mud,Flat roof made of mud,Mud,Nepali,24 Ashwin 2078,44479,E1075,Selling own crop production,10,survey,5,1,1,2,1,Selling own crop production,201533,Q201533,Lum,1,44479.32141,44479.29434,jmpna05,44489.31928,jmpna05,d93c2b39-e547-4bf5-8d36-fce5ddc21e9b,44479
190,a3fc9e4b-6c98-42fe-be38-c758537924e4,JMPNA02,CHU102_Chum,C1004,Yes all correct,3,Yes,Yes,Yes,Matwali Chhetri,Nepali,Combination of own production and purchase,No,NA,NA,Yes,Tap in yard/plot,5,Pan Toilet,No,4,"Yes, electricity available",NA,NA,NA,1,NA,NA,NA,NA,NA,NA,NA,NA,NA,NA,NA,NA,NA,1,NA,NA,1,1,NA,NA,NA,Stones and mud,Flat roof made of mud,Mud,Nepali,24 Ashwin 2078,44479,C1004,Selling own crop production,7,survey,5,1,1,2,1,Selling own crop production,201354,N201354,Chum,1,44479.12013,44479.11463,jmpna02,44489.31929,jmpna02,e8b6bf1b-d975-4c45-873e-7250e9eea3e6,44479
191,dcb6a9ee-4a42-4f29-a67c-e757a8c0e9e7,JMPNA05,LUM102_Lum,E1231,Yes all correct,4,Yes,Yes,Yes,Matwali Chhetri,Nepali,Combination of own production and purchase,No,NA,NA,Yes,Tap in yard/plot,15,Pan Toilet,No,4,"Yes, electricity available",NA,1,1,1,NA,NA,NA,NA,NA,NA,NA,NA,NA,NA,NA,NA,NA,1,1,NA,1,NA,NA,NA,NA,Stones and mud,Flat roof made of mud,Mud,Nepali,26 Ashwin 2078,44481,E1231,Selling own crop production,10,survey,5,1,1,2,1,Selling own crop production,203321,Q203321,Lum,1,44481.08822,44481.08238,jmpna05,44489.31933,jmpna05,27355f29-6fcf-4a4d-8791-5195fa998d91,44481
192,be3a63d9-2408-4e66-b5f9-1e94b53630af,JMPNA02,CHU103_Chum,C1153,Yes all correct,3,Yes,Yes,Yes,Janajati (not newari),Other,Combination of own production and purchase,No,NA,NA,Yes,Tap in yard/plot,10,Pan Toilet,No,2,"Yes, electricity available",NA,NA,NA,1,NA,NA,NA,NA,NA,NA,NA,NA,NA,NA,NA,NA,NA,1,NA,NA,1,NA,NA,NA,NA,Stones and mud,Metal sheets,Wooden planks,Other,24 Ashwin 2078,44479,C1153,Daily paid labour,7,survey,5,1,1,1,2,Daily paid labour,201785,N201785,Chum,1,44479.55889,44479.54542,jmpna02,44489.31934,jmpna02,19f6f5b9-f0e6-48e2-a3ec-89fc826ae798,44479
194,c80eace1-2121-4707-ad17-8ffab39e278e,JMPNA05,LUM104_Lum,E1361,Yes all correct,4,Yes,Yes,Yes,Matwali Chhetri,Nepali,Combination of own production and purchase,No,NA,NA,Yes,Public Tap,60,Bushes/Stream/Open Areas,NA,4,"Yes, electricity available",NA,1,NA,1,NA,NA,NA,NA,NA,NA,NA,NA,NA,NA,NA,NA,NA,1,1,NA,1,NA,NA,NA,NA,Stones and mud,Flat roof made of mud,Mud,Nepali,26 Ashwin 2078,44481,E1361,Selling own crop production,6,survey,5,1,1,2,1,Selling own crop production,203390,Q203390,Lum,1,44481.15777,44481.15137,jmpna05,44489.31941,jmpna05,a26e4731-58df-4d32-a1d2-1709580f370f,44481
195,57b6043b-630c-4c06-85d2-ddda96707128,JMPNA02,CHU104_Chum,C1005,Yes all correct,3,Yes,Yes,Yes,Matwali Chhetri,Nepali,Combination of own production and purchase,Yes - working,Yes,You,Yes,Tap in yard/plot,5,Pan Toilet,No,4,"Yes, electricity available",NA,NA,1,1,NA,NA,NA,NA,NA,1,NA,NA,NA,NA,NA,NA,NA,1,NA,NA,NA,NA,NA,NA,NA,Stones and mud,Flat roof made of mud,Mud,Nepali,27 Ashwin 2078,44482,C1005,Selling own crop production,8,survey,5,1,1,2,1,Selling own crop production,204382,N204382,Chum,1,44482.14796,44482.14309,jmpna02,44489.31942,jmpna02,361274d3-e417-4b5d-acae-1464348bd828,44482
196,045c27fd-45bd-4c2c-88fe-f5d5336619ab,JMPNA05,LUM105_Lum,E1097,Yes all correct,4,Yes,Yes,Yes,Matwali Chhetri,Nepali,Combination of own production and purchase,No,NA,NA,Yes,Tap in yard/plot,5,Pan Toilet,No,3,"Yes, electricity available",NA,1,NA,1,NA,NA,NA,NA,NA,NA,NA,NA,NA,NA,NA,NA,NA,1,NA,NA,1,NA,NA,NA,NA,Stones and mud,Flat roof made of mud,Mud,Nepali,26 Ashwin 2078,44481,E1097,Selling own crop production,5,survey,4,1,1,1,1,Selling own crop production,203418,Q203418,Lum,1,44481.18255,44481.17904,jmpna05,44489.31944,jmpna05,e2693d2d-51a2-41f9-8cd6-0031747b7428,44481
197,32af153a-1718-410e-b889-becc007e7f40,JMPNA02,CHU105_Chum,C1117,Yes all correct,3,Yes,Yes,Yes,Matwali Chhetri,Nepali,Combination of own production and purchase,No,NA,NA,Yes,Public Tap,20,Pan Toilet,No,4,"Yes, electricity available",1,NA,1,1,NA,NA,NA,NA,NA,1,NA,NA,NA,NA,NA,NA,NA,1,NA,NA,1,NA,NA,NA,NA,Stones and mud,Flat roof made of mud,Mud,Nepali,27 Ashwin 2078,44482,C1117,Daily paid labour,6,survey,4,1,1,1,1,Daily paid labour,204418,N204418,Chum,1,44482.18515,44482.17905,jmpna02,44489.31947,jmpna02,bc46f30b-c5c9-4060-b718-eb1ee5df3f1d,44482
198,7fee958a-fee1-4c33-adeb-4384a169dd29,JMPNA05,LUM106_Lum,E1287,Yes all correct,4,Yes,Yes,Yes,Matwali Chhetri,Nepali,Combination of own production and purchase,No,NA,NA,Yes,Tap in yard/plot,15,Pan Toilet,No,6,"Yes, electricity available",NA,NA,NA,1,NA,NA,NA,NA,NA,1,NA,NA,NA,NA,NA,NA,NA,1,NA,1,1,NA,NA,NA,NA,Stones and mud,Flat roof made of mud,Mud,Nepali,26 Ashwin 2078,44481,E1287,Selling own crop production,4,survey,4,1,1,1,1,Selling own crop production,203436,Q203436,Lum,1,44481.19906,44481.19653,jmpna05,44489.31948,jmpna05,0344f36d-8c49-45a2-9f5e-226490d4933a,44481
199,ae6622dd-c87c-4984-bf5b-6abf5df02ede,JMPNA05,LUM107_Lum,E1100,Yes all correct,4,Yes,Yes,Yes,Matwali Chhetri,Nepali,Combination of own production and purchase,No,NA,NA,Yes,Tap in yard/plot,10,Pan Toilet,No,4,"Yes, electricity available",1,1,1,1,NA,NA,NA,NA,NA,1,NA,NA,NA,NA,NA,NA,NA,1,NA,NA,1,NA,NA,NA,NA,Stones and mud,Flat roof made of mud,Mud,Nepali,26 Ashwin 2078,44481,E1100,Selling own crop production,8,survey,4,1,1,1,1,Selling own crop production,203448,Q203448,Lum,1,44481.21259,44481.20928,jmpna05,44489.31953,jmpna05,78bbd58d-1970-4e63-8ded-fcbb06f72515,44481
200,5ce9d6fe-803f-4ee3-a68c-f0bca66096e1,JMPNA02,CHU106_Chum,C1124,Yes all correct,3,Yes,Yes,Yes,Matwali Chhetri,Nepali,Combination of own production and purchase,No,NA,NA,Yes,Mul (natural sources of water emerging from mounrtains),30,Bushes/Stream/Open Areas,NA,4,"Yes, solar available",NA,NA,1,1,NA,NA,NA,NA,NA,1,NA,NA,NA,NA,NA,NA,NA,1,NA,NA,1,NA,NA,NA,NA,Stones and mud,Metal sheets,Mud,Nepali,27 Ashwin 2078,44482,C1124,Daily paid labour,5,survey,4,1,1,1,1,Daily paid labour,204440,N204440,Chum,1,44482.20427,44482.20118,jmpna02,44489.31954,jmpna02,ab6d8f8e-af26-4a6d-a611-86fe7b77e4e0,44482
201,73768d9f-0553-41ac-806d-310e85ce971e,JMPNA05,LUM108_Lum,E1271,Yes all correct,4,Yes,Yes,Yes,Matwali Chhetri,Nepali,Combination of own production and purchase,No,NA,NA,Yes,Tap in yard/plot,5,Pan Toilet,No,4,"Yes, electricity available",1,NA,1,NA,NA,NA,NA,NA,NA,1,NA,NA,NA,NA,NA,NA,NA,1,1,NA,1,NA,NA,NA,NA,Stones and mud,Flat roof made of mud,Mud,Nepali,26 Ashwin 2078,44481,E1271,Selling own crop production,10,survey,5,1,1,2,1,Selling own crop production,203465,Q203465,Lum,1,44481.23054,44481.22633,jmpna05,44489.31956,jmpna05,72cd9f4b-4c5c-47ff-bebd-db4629d3a959,44481
202,e6821424-a1c3-4e68-8305-0c3dc22897db,JMPNA02,CHU107_Chum,C1132,Yes all correct,3,Yes,Yes,Yes,Matwali Chhetri,Nepali,Combination of own production and purchase,No,NA,NA,Yes,Tap in yard/plot,10,Pan Toilet,No,4,"Yes, electricity available",NA,NA,NA,NA,NA,NA,NA,NA,NA,1,NA,NA,NA,NA,NA,NA,NA,1,NA,NA,1,NA,NA,NA,NA,Stones and mud,Flat roof made of mud,Mud,Nepali,27 Ashwin 2078,44482,C1132,Daily paid labour,7,survey,5,1,1,2,1,Daily paid labour,204455,N204455,Chum,1,44482.2195,44482.21619,jmpna02,44489.31957,jmpna02,fc4b5e87-a2f5-431e-a77f-15b04986668a,44482
203,50fd7a25-4b18-4656-a172-0d0d39d3894f,JMPNA05,LUM109_Lum,E1025,Yes all correct,4,Yes,Yes,Yes,Matwali Chhetri,Nepali,Combination of own production and purchase,No,NA,NA,Yes,Tap in yard/plot,10,Pan Toilet,No,4,"Yes, electricity available",NA,1,NA,1,NA,NA,NA,NA,NA,1,NA,NA,NA,NA,NA,NA,NA,1,NA,NA,1,NA,NA,NA,NA,Stones and mud,Flat roof made of mud,Mud,Nepali,26 Ashwin 2078,44481,E1025,Daily paid labour,7,survey,5,1,1,1,2,Daily paid labour,203482,Q203482,Lum,1,44481.24587,44481.24269,jmpna05,44489.31959,jmpna05,107098ff-e9f2-4e45-a5f7-a422e1b09cb4,44481
204,762c5f02-264b-4cc0-b70d-1e66ce4a6fae,JMPNA02,CHU108_Chum,C1131,Yes all correct,3,Yes,Yes,Yes,Matwali Chhetri,Nepali,Combination of own production and purchase,No,NA,NA,Yes,Tap in yard/plot,10,Pan Toilet,No,4,"Yes, electricity available",1,NA,1,1,NA,NA,NA,NA,NA,1,NA,NA,NA,NA,NA,NA,NA,1,NA,NA,1,NA,NA,NA,NA,Stones and mud,Flat roof made of mud,Mud,Nepali,27 Ashwin 2078,44482,C1131,Daily paid labour,10,survey,5,1,1,2,1,Daily paid labour,204474,N204474,Chum,1,44482.23907,44482.23509,jmpna02,44489.31962,jmpna02,e9ba8739-a9b4-4ce5-bdb1-214a3a02762d,44482
205,9072607c-ad91-4a67-923b-963ae885c545,JMPNA05,LUM110_Lum,E1143,Yes all correct,4,Yes,Yes,Yes,Matwali Chhetri,Nepali,Combination of own production and purchase,No,NA,NA,Yes,Tap in yard/plot,15,Pan Toilet,No,3,"Yes, electricity available",NA,NA,NA,1,NA,NA,NA,NA,NA,1,NA,NA,NA,NA,NA,NA,NA,1,NA,NA,1,NA,NA,NA,NA,Stones and mud,Flat roof made of mud,Mud,Nepali,26 Ashwin 2078,44481,E1143,Selling own crop production,7,survey,5,1,1,1,2,Selling own crop production,203551,Q203551,Lum,1,44481.32091,44481.31207,jmpna05,44489.31964,jmpna05,8deffcd5-d74d-4cd8-a2b0-48386baaf874,44481
207,e3aaee57-f674-403f-8940-3cfb715d527b,JMPNA08,RIN102_Rini,I1039,Yes all correct,7,Yes,Yes,Yes,Matwali Chhetri,Nepali,Combination of own production and purchase,No,NA,NA,Yes,Tap in yard/plot,15,Pan Toilet,No,6,"Yes, electricity available",NA,1,NA,1,NA,NA,NA,NA,NA,1,NA,NA,NA,NA,NA,NA,NA,1,1,NA,NA,1,NA,NA,NA,Stones and mud,Metal sheets,Mud,Nepali,27 Ashwin 2078,44482,I1039,Selling own crop production,7,survey,3,1,1,0,1,Selling own crop production,204721,T204721,Rini,1,44482.48476,44482.48189,jmpna08,44489.32738,jmpna08,efc00836-faef-46a6-8d0a-68fcaa111141,44482
208,8f767228-e899-4579-b363-6f9b0ea735c5,JMPNA08,RIN101_Rini,I1064,Yes all correct,7,Yes,Yes,Yes,Matwali Chhetri,Nepali,Combination of own production and purchase,Yes - living with relatives,NA,NA,Yes,Tap in yard/plot,5,Pan Toilet,No,4,"Yes, electricity available",NA,1,1,1,NA,NA,NA,NA,NA,1,NA,NA,NA,NA,NA,NA,NA,1,1,NA,NA,1,NA,NA,NA,Stones and mud,Metal sheets,Mud,Nepali,27 Ashwin 2078,44482,I1064,Selling own crop production,7,survey,4,1,1,1,1,Selling own crop production,204754,T204754,Rini,1,44482.51851,44482.51517,jmpna08,44489.32742,jmpna08,81147a3e-d3fb-4188-885d-fe78fca0e82a,44482
209,2aac1cbf-dd30-4acd-be9f-e67d32ef065c,JMPNA08,RIN103_Rini,I1052,Yes all correct,7,Yes,Yes,Yes,Matwali Chhetri,Nepali,Combination of own production and purchase,No,NA,NA,Yes,Tap in yard/plot,5,Pan Toilet,No,8,"Yes, electricity available",NA,1,1,1,NA,NA,NA,NA,NA,1,NA,NA,NA,NA,NA,NA,NA,1,1,NA,NA,1,1,NA,NA,Stones and mud,Metal sheets,Mud,Nepali,27 Ashwin 2078,44482,I1052,Selling own crop production,10,survey,5,1,1,1,2,Selling own crop production,204781,T204781,Rini,1,44482.54485,44482.5422,jmpna08,44489.32747,jmpna08,3565395d-da55-444d-bb7f-c1d4a08e38d8,44482
211,f23529b2-bafb-401e-8574-15053bbc3a95,JMPNA08,RIN105_Rini,I1159,Yes all correct,7,Yes,Yes,Yes,Matwali Chhetri,Nepali,Combination of own production and purchase,No,NA,NA,Yes,Tap in yard/plot,5,Pan Toilet,Yes,2,"Yes, electricity available",1,NA,1,NA,NA,NA,NA,NA,NA,1,NA,NA,NA,NA,NA,NA,NA,1,1,NA,1,1,NA,NA,NA,Stones and mud,Flat roof made of mud,Mud,Nepali,30 Ashwin 2078,44485,I1159,Selling own crop production,4,reserve,3,1,1,0,1,Selling own crop production,207727,T207727,Rini,1,44485.48977,44485.48748,jmpna08,44489.32749,jmpna08,273f6e2b-80f0-41c3-9553-459fd8b94c43,44485
212,278f63ee-8088-4de9-9392-86ca0489b3de,JMPNA08,RIN106_Rini,I1085,Yes all correct,7,Yes,Yes,Yes,Matwali Chhetri,Nepali,Combination of own production and purchase,Yes - working,Yes,Your spouse,Yes,Tap in yard/plot,6,Pan Toilet,No,8,"Yes, electricity available",NA,1,1,1,1,NA,NA,NA,NA,1,NA,NA,NA,NA,NA,NA,NA,1,1,NA,1,1,NA,NA,NA,Stones and mud,Metal sheets,Mud,Nepali,30 Ashwin 2078,44485,I1085,Office job,6,survey,3,1,0,1,1,Office job,207752,T207752,Rini,1,44485.51623,44485.51262,jmpna08,44489.32752,jmpna08,9ff2e609-f833-430e-97f4-ec201ec03524,44485
213,1f907aab-bab1-48c5-a097-99cb567fb521,JMPNA08,RIN107_Rini,I1146,Yes all correct,7,Yes,Yes,Yes,Matwali Chhetri,Nepali,Combination of own production and purchase,No,NA,NA,Yes,Tap in yard/plot,4,Pan Toilet,No,6,"Yes, electricity available",NA,1,1,1,NA,NA,NA,NA,NA,1,NA,NA,NA,NA,NA,NA,NA,1,1,NA,1,1,NA,NA,NA,Stones and mud,Metal sheets,Mud,Nepali,30 Ashwin 2078,44485,I1146,Selling own crop production,9,survey,4,1,1,0,2,Selling own crop production,207778,T207778,Rini,1,44485.54172,44485.53861,jmpna08,44489.32756,jmpna08,df808d0d-2b6f-4207-8529-3308198bd756,44485
214,410bf7c7-8a5a-4c04-ae89-62c9d127d6cf,JMPNA08,RIN108_Rini,I1158,Yes all correct,7,Yes,Yes,Yes,Matwali Chhetri,Nepali,Combination of own production and purchase,No,NA,NA,Yes,Tap in yard/plot,7,Pan Toilet,No,4,"Yes, electricity available",1,NA,NA,1,NA,NA,NA,NA,NA,NA,NA,NA,NA,NA,NA,NA,NA,1,1,NA,1,1,NA,NA,NA,Stones and mud,Metal sheets,Mud,Nepali,30 Ashwin 2078,44485,I1158,Selling own crop production,6,survey,3,1,1,1,0,Selling own crop production,207797,T207797,Rini,1,44485.56097,44485.55818,jmpna08,44489.32757,jmpna08,fd0e2761-4b2d-48ed-8c36-2961778c9b9d,44485
215,5a61816c-9368-4bd2-a32f-21e4d97314f2,JMPNA08,RIN109_Rini,I1079,Yes all correct,7,Yes,Yes,Yes,Matwali Chhetri,Nepali,Combination of own production and purchase,No,NA,NA,Yes,Tap in yard/plot,10,Pan Toilet,Yes,3,"Yes, electricity available",NA,1,1,1,NA,NA,NA,NA,NA,NA,NA,NA,NA,NA,NA,NA,NA,1,1,NA,NA,1,NA,NA,NA,Stones and mud,Flat roof made of mud,Mud,Nepali,31 Ashwin 2078,44486,I1079,Office job,8,reserve,3,1,1,0,1,Office job,208674,T208674,Rini,1,44486.43737,44486.43444,jmpna08,44489.3276,jmpna08,bfcb736b-7567-4659-b8b4-4203fc5dcb61,44486
216,0f0b7dc1-2370-4915-9864-fc95c43f83e0,JMPNA08,RIN110_Rini,I1082,Yes all correct,7,Yes,Yes,Yes,Matwali Chhetri,Nepali,Combination of own production and purchase,Yes - working,Yes,Your spouse,Yes,Tap in yard/plot,10,Pan Toilet,No,8,"Yes, electricity available",NA,1,1,1,NA,NA,NA,NA,NA,NA,NA,NA,NA,NA,NA,NA,NA,1,NA,NA,1,1,NA,NA,NA,Stones and mud,Metal sheets,Mud,Nepali,31 Ashwin 2078,44486,I1082,Selling own livestock (meat & poultry),8,reserve,4,1,1,0,2,Selling own livestock (meat & poultry),208697,T208697,Rini,1,44486.46137,44486.45807,jmpna08,44489.32763,jmpna08,63ad1f06-42e5-4db1-8645-78dc6f26fc52,44486
217,93442783-66f2-4490-ba31-d9692ec04d32,JMPNA08,RIN111_Rini,I1141,Yes all correct,7,Yes,Yes,Yes,Matwali Chhetri,Nepali,Combination of own production and purchase,No,NA,NA,Yes,Tap in yard/plot,5,Pan Toilet,Yes,3,"Yes, electricity available",NA,NA,1,NA,NA,NA,NA,NA,NA,1,NA,NA,NA,NA,NA,NA,NA,1,1,NA,1,1,NA,NA,NA,Stones and mud,Flat roof made of mud,Mud,Nepali,31 Ashwin 2078,44486,I1141,Selling own crop production,5,reserve,4,1,1,0,2,Selling own crop production,208720,T208720,Rini,1,44486.48362,44486.4805,jmpna08,44489.32765,jmpna08,b23d2289-a39b-46d3-a407-dbe97833a08d,44486
218,2d5e08a6-f26b-4650-83fa-2571b9df8eca,JMPNA08,RIN112_Rini,I1147,Yes all correct,7,Yes,Yes,Yes,Matwali Chhetri,Nepali,Combination of own production and purchase,No,NA,NA,Yes,Public Tap,10,Pan Toilet,No,6,"Yes, electricity available",NA,1,1,1,NA,NA,NA,NA,NA,1,NA,1,NA,NA,NA,NA,NA,1,1,NA,1,1,NA,NA,NA,Stones and mud,Flat roof made of mud,Mud,Nepali,31 Ashwin 2078,44486,I1147,Office job,10,survey,5,1,1,2,1,Office job,208744,T208744,Rini,1,44486.50744,44486.50442,jmpna08,44489.32769,jmpna08,7adc2bd6-a144-42c2-ad38-6c2939e30632,44486
219,49c78f07-6546-43a2-9938-fbb59bef39c9,JMPNA08,RIN113_Rini,I1011,Yes all correct,7,Yes,Yes,Yes,Matwali Chhetri,Nepali,Combination of own production and purchase,No,NA,NA,Yes,Tap in yard/plot,6,Pan Toilet,No,4,"Yes, electricity available",1,1,1,1,NA,NA,NA,NA,NA,1,NA,NA,NA,NA,NA,NA,NA,1,1,NA,1,1,NA,NA,NA,Stones and mud,Flat roof made of mud,Mud,Nepali,31 Ashwin 2078,44486,I1011,Selling own crop production,6,survey,3,1,1,1,0,Selling own crop production,208770,T208770,Rini,1,44486.53443,44486.5311,jmpna08,44489.32771,jmpna08,53f5c201-06fa-4887-9cd1-8a2522f36be7,44486
220,1a0e1bf3-0437-415a-859e-0bc854e44791,JMPNA08,RIN114_Rini,I1024,Yes all correct,7,Yes,Yes,Yes,Matwali Chhetri,Nepali,Combination of own production and purchase,No,NA,NA,Yes,Tap in yard/plot,6,Pan Toilet,Yes,5,"Yes, electricity available",NA,NA,1,NA,NA,NA,NA,NA,NA,NA,NA,NA,NA,NA,NA,NA,NA,1,1,NA,1,1,NA,NA,NA,Stones and mud,Metal sheets,Mud,Nepali,31 Ashwin 2078,44486,I1024,Selling own crop production,5,survey,4,1,1,2,0,Selling own crop production,208800,T208800,Rini,1,44486.56579,44486.56127,jmpna08,44489.32773,jmpna08,ac339172-a0d8-4b6d-9332-4d57198f7a1e,44486
221,6a330a71-dd1e-4af0-9923-4fc31b184070,JMPNA08,RIN115_Rini,I1023,Yes all correct,7,Yes,Yes,Yes,Matwali Chhetri,Nepali,Combination of own production and purchase,No,NA,NA,Yes,Tap in yard/plot,7,Pan Toilet,Yes,5,"Yes, electricity available",NA,NA,1,1,NA,NA,NA,NA,NA,NA,NA,NA,NA,NA,NA,NA,NA,1,1,NA,1,1,NA,NA,NA,Stones and mud,Metal sheets,Mud,Nepali,31 Ashwin 2078,44486,I1023,Selling own crop production,4,reserve,3,1,1,1,0,Selling own crop production,208821,T208821,Rini,1,44486.58455,44486.58174,jmpna08,44489.32777,jmpna08,d6acc056-dfa8-4296-aa20-f23bd832b30a,44486
222,231a90bb-cfc0-45b6-bafa-fa54c028b8a0,JMPNA08,RIN116_Rini,I1029,Yes all correct,7,Yes,Yes,Yes,Matwali Chhetri,Nepali,Combination of own production and purchase,No,NA,NA,Yes,Tap in yard/plot,3,Pan Toilet,No,4,"Yes, electricity available",NA,1,1,1,1,NA,NA,NA,NA,1,NA,NA,NA,NA,NA,NA,NA,1,1,NA,1,1,NA,NA,NA,Stones and mud,Flat roof made of mud,Mud,Nepali,1 Kartik 2078,44487,I1029,Selling own crop production,10,reserve,3,1,1,1,0,Selling own crop production,209361,T209361,Rini,1,44487.12572,44487.12188,jmpna08,44489.3278,jmpna08,a6b8eb53-c91e-4d4c-ba99-f9ec3c0832c0,44487
223,7267f531-68ad-4cc9-929e-5843944d8115,JMPNA08,RIN117_Rini,I1057,Yes all correct,7,Yes,Yes,Yes,Matwali Chhetri,Nepali,Combination of own production and purchase,No,NA,NA,Yes,Tap in yard/plot,6,Pan Toilet,No,5,"Yes, electricity available",NA,NA,1,1,NA,NA,NA,NA,NA,NA,NA,NA,NA,NA,NA,NA,NA,1,1,NA,1,1,NA,NA,NA,Stones and mud,Metal sheets,Mud,Nepali,1 Kartik 2078,44487,I1057,Selling own crop production,4,reserve,3,1,1,1,0,Selling own crop production,209389,T209389,Rini,1,44487.15297,44487.14981,jmpna08,44489.32782,jmpna08,95cc269c-5a8f-4bc8-95df-8a7efed8b437,44487
224,acd59d3a-869d-4d65-b3c8-fc8ee67fc41a,JMPNA08,RIN118_Rini,I1068,Yes all correct,7,Yes,Yes,Yes,Matwali Chhetri,Nepali,Combination of own production and purchase,No,NA,NA,Yes,Tap in yard/plot,6,Pan Toilet,No,3,"Yes, electricity available",NA,1,1,1,NA,NA,NA,NA,NA,NA,NA,NA,NA,NA,NA,NA,NA,1,1,NA,1,1,NA,NA,NA,Stones and mud,Flat roof made of mud,Mud,Nepali,1 Kartik 2078,44487,I1068,Selling own crop production,6,reserve,3,1,1,1,0,Selling own crop production,209695,T209695,Rini,1,44487.45976,44487.45569,jmpna08,44489.32786,jmpna08,448f505c-dc25-412e-8f81-2c6719929880,44487
225,cbc4a697-cd76-4d72-a682-37cecc712cb4,JMPNA08,RIN119_Rini,I1075,Yes all correct,7,Yes,Yes,Yes,Matwali Chhetri,Nepali,Combination of own production and purchase,No,NA,NA,Yes,Tap in yard/plot,7,Pan Toilet,No,8,"Yes, electricity available",NA,NA,1,1,NA,NA,NA,NA,NA,1,NA,NA,NA,NA,NA,NA,NA,1,1,NA,1,1,NA,NA,NA,Stones and mud,Metal sheets,Mud,Nepali,1 Kartik 2078,44487,I1075,Selling own crop production,7,survey,4,1,1,0,2,Selling own crop production,209760,T209760,Rini,1,44487.52385,44487.52127,jmpna08,44489.32789,jmpna08,f9cc7ec4-c700-4fa4-be1d-db9ec24bbecc,44487
226,345c0591-86a7-47d5-84fc-a2b05891847f,JMPNA05,LUM112_Lum,E1003,Yes all correct,4,Yes,Yes,Yes,Dalit,Nepali,Combination of own production and purchase,No,NA,NA,Yes,Tap in yard/plot,10,Pan Toilet,No,5,"Yes, electricity available",NA,NA,1,1,NA,NA,NA,NA,NA,1,NA,NA,NA,NA,NA,NA,NA,1,NA,NA,1,NA,NA,NA,NA,Stones and mud,Metal sheets,Mud,Nepali,26 Ashwin 2078,44481,E1003,Daily paid labour,8,survey,5,1,1,2,1,Daily paid labour,203620,Q203620,Lum,1,44481.38416,44481.38074,jmpna05,44489.32959,jmpna05,c7a4c393-2160-4137-b15b-dabaca2bb696,44481
227,f6345947-2258-4a70-a672-edd9a9da7eb3,JMPNA05,LUM113_Lum,E1296,Yes all correct,4,Yes,Yes,Yes,Matwali Chhetri,Nepali,Combination of own production and purchase,Yes - studying,NA,NA,Yes,Tap in yard/plot,5,Pan Toilet,No,3,"Yes, electricity available",NA,1,1,1,NA,NA,NA,NA,NA,1,NA,NA,NA,NA,NA,NA,NA,1,NA,NA,1,1,NA,NA,NA,Bricks and cement,Metal sheets,Mud,Nepali,26 Ashwin 2078,44481,E1296,Selling own crop production,8,survey,4,1,1,1,1,Selling own crop production,203662,Q203662,Lum,1,44481.4299,44481.42266,jmpna05,44489.32964,jmpna05,1f7d1c6c-7877-478c-b5d3-bf4aa5ac0601,44481
228,a6b8385f-2560-49f6-8b1b-f256fcb3aea9,JMPNA05,LUM114_Lum,E1055,Yes all correct,4,Yes,Yes,Yes,Matwali Chhetri,Nepali,Combination of own production and purchase,No,NA,NA,Yes,Tap in yard/plot,5,Pan Toilet,No,7,"Yes, electricity available",NA,1,NA,1,NA,NA,NA,NA,NA,1,NA,NA,NA,NA,NA,NA,NA,1,1,NA,1,NA,NA,NA,NA,Stones and mud,Metal sheets,Mud,Nepali,31 Ashwin 2078,44486,E1055,Selling own crop production,6,survey,5,1,1,2,1,Selling own crop production,208338,Q208338,Lum,1,44486.10501,44486.09916,jmpna05,44489.32968,jmpna05,bc189d56-2d17-4c30-a134-8793f28845c0,44486
229,b7e7bbee-2611-4306-926b-ff82ade7d209,JMPNA05,LUM115_Lum,E1226,Yes all correct,4,Yes,Yes,Yes,Dalit,Nepali,Combination of own production and purchase,No,NA,NA,Yes,Tap in yard/plot,10,Bushes/Stream/Open Areas,NA,4,"Yes, electricity available",NA,NA,NA,NA,NA,NA,NA,NA,NA,1,NA,NA,NA,NA,NA,NA,NA,1,NA,NA,1,NA,NA,NA,NA,Stones and mud,Flat roof made of mud,Mud,Nepali,31 Ashwin 2078,44486,E1226,Selling own crop production,6,survey,4,1,1,1,1,Selling own crop production,208410,Q208410,Lum,1,44486.17446,44486.17084,jmpna05,44489.32971,jmpna05,06a07a79-6c0a-47e2-8ae6-13059f8ecc24,44486
230,d3fb74e2-31f9-4cb5-8f05-e6c01655affb,JMPNA05,LUM116_Lum,E1316,Yes all correct,4,Yes,Yes,Yes,Dalit,Nepali,Combination of own production and purchase,No,NA,NA,Yes,Tap in yard/plot,10,Pan Toilet,No,4,"Yes, electricity available",NA,1,NA,1,NA,NA,NA,NA,NA,1,NA,NA,NA,NA,NA,NA,NA,1,NA,NA,1,NA,NA,NA,NA,Stones and mud,Metal sheets,Mud,Nepali,31 Ashwin 2078,44486,E1316,Selling own crop production,5,survey,4,1,1,1,1,Selling own crop production,208449,Q208449,Lum,1,44486.21396,44486.20992,jmpna05,44489.32975,jmpna05,9be9ece3-9ba3-4cb4-9576-502c8c29fc72,44486
231,b668c212-6b47-4a56-b241-bb8cba6c7dfb,JMPNA02,CHU109_Chum,C1013,Yes all correct,3,Yes,Yes,Yes,Matwali Chhetri,Nepali,Combination of own production and purchase,No,NA,NA,Yes,Tap in yard/plot,5,Pan Toilet,Yes,2,"Yes, electricity available",NA,NA,NA,1,NA,NA,NA,NA,NA,1,NA,NA,NA,NA,NA,NA,NA,1,NA,NA,1,1,NA,NA,NA,Stones and mud,Flat roof made of mud,Mud,Nepali,27 Ashwin 2078,44482,C1013,Selling own crop production,4,survey,3,1,1,0,1,Selling own crop production,204504,N204504,Chum,1,44482.26867,44482.26461,jmpna02,44489.32979,jmpna02,6b1c77f5-d46a-4922-9910-96f92db1ee40,44482
232,62dfa2f1-ad69-44dd-b0a2-fe0cfdbd1208,JMPNA05,LUM117_Lum,E1243,Yes all correct,4,Yes,Yes,Yes,Matwali Chhetri,Nepali,Combination of own production and purchase,No,NA,NA,Yes,Tap in yard/plot,15,Pan Toilet,No,3,"Yes, electricity available",NA,NA,NA,1,NA,NA,NA,NA,NA,NA,NA,NA,NA,NA,NA,NA,NA,1,NA,NA,1,NA,NA,NA,NA,Stones and mud,Flat roof made of mud,Mud,Nepali,31 Ashwin 2078,44486,E1243,Selling own crop production,5,survey,4,1,1,1,1,Selling own crop production,208486,Q208486,Lum,1,44486.25483,44486.24645,jmpna05,44489.32981,jmpna05,ecd85150-8980-46ff-8c2c-e0a94ffed819,44486
233,72f577ad-4063-487f-bb91-8780bdc2bf3b,JMPNA02,CHU110_Chum,C1088,Yes all correct,3,Yes,Yes,Yes,Matwali Chhetri,Nepali,Combination of own production and purchase,Yes - working,No,NA,Yes,Tap in yard/plot,10,Pan Toilet,No,1,"Yes, electricity available",NA,1,1,1,NA,NA,NA,NA,NA,1,NA,NA,NA,NA,NA,NA,NA,1,NA,NA,1,1,NA,NA,NA,Stones and mud,Flat roof made of mud,Mud,Nepali,27 Ashwin 2078,44482,C1088,Selling own crop production,8,survey,4,1,1,1,1,Selling own crop production,204530,N204530,Chum,1,44482.29972,44482.29118,jmpna02,44489.32986,jmpna02,d1ea7815-6218-46c1-8c9a-24bf31133824,44482
234,4001760d-b4b2-41a4-a432-f3a087d7b680,JMPNA05,LUM118_Lum,E1331,Yes all correct,4,Yes,Yes,Yes,Matwali Chhetri,Nepali,Combination of own production and purchase,No,NA,NA,Yes,Tap in yard/plot,5,Bushes/Stream/Open Areas,NA,4,"Yes, electricity available",NA,NA,1,NA,NA,NA,NA,NA,NA,NA,NA,NA,NA,NA,NA,NA,NA,1,NA,NA,1,NA,NA,NA,NA,Stones and mud,Metal sheets,Mud,Nepali,1 Kartik 2078,44487,E1331,Selling own crop production,6,survey,4,1,1,1,1,Selling own crop production,209350,Q209350,Lum,1,44487.1155,44487.11094,jmpna05,44489.32988,jmpna05,e5c92501-2be7-4737-b5e8-f3e2cbe9732c,44487
235,73f4e693-9d48-43c5-8a47-e541652f70ea,JMPNA05,LUM119_Lum,E1328,Yes all correct,4,Yes,Yes,Yes,Matwali Chhetri,Nepali,Combination of own production and purchase,No,NA,NA,Yes,Tap in yard/plot,15,Pan Toilet,No,4,"Yes, electricity available",NA,NA,NA,1,NA,NA,NA,NA,NA,NA,NA,NA,NA,NA,NA,NA,NA,1,NA,NA,1,NA,NA,NA,NA,Stones and mud,Metal sheets,Mud,Nepali,1 Kartik 2078,44487,E1328,Selling own crop production,5,survey,4,1,1,1,1,Selling own crop production,209418,Q209418,Lum,1,44487.18501,44487.17926,jmpna05,44489.32993,jmpna05,7cf941a0-b173-4b49-be46-4706e758716c,44487
236,e536fb2f-899b-477b-9b96-9df994b5d116,JMPNA02,CHU111_Chum,C1027,Yes all correct,3,Yes,Yes,Yes,Matwali Chhetri,Nepali,Combination of own production and purchase,No,NA,NA,Yes,Tap in yard/plot,15,Bushes/Stream/Open Areas,NA,3,"Yes, electricity available",NA,NA,NA,1,NA,NA,NA,NA,NA,NA,NA,NA,NA,NA,NA,NA,NA,1,1,NA,1,NA,NA,NA,NA,Stones and mud,Flat roof made of mud,Mud,Nepali,27 Ashwin 2078,44482,C1027,Daily paid labour,6,survey,4,1,1,1,1,Daily paid labour,204568,N204568,Chum,1,44482.33174,44482.3285,jmpna02,44489.32994,jmpna02,808eb872-9b77-464a-ab83-090cb523a087,44482
237,36754a77-1eb7-441e-b486-baf62dd62c07,JMPNA05,LUM120_Lum,E1026,Yes all correct,4,Yes,Yes,Yes,Matwali Chhetri,Nepali,Combination of own production and purchase,No,NA,NA,Yes,Tap in yard/plot,5,Pan Toilet,No,2,"Yes, electricity available",NA,1,1,1,NA,NA,NA,NA,NA,1,NA,NA,NA,NA,NA,NA,NA,1,NA,NA,1,NA,NA,NA,NA,Stones and mud,Flat roof made of mud,Cement,Nepali,1 Kartik 2078,44487,E1026,Selling own crop production,5,reserve,4,1,1,1,1,Selling own crop production,209473,Q209473,Lum,1,44487.23972,44487.23385,jmpna05,44489.32997,jmpna05,91af86fe-2c29-4693-ac9c-b45d1f727cfe,44487
238,a007a560-e458-42de-b399-833e48ca72a6,JMPNA02,CHU112_Chum,C1116,Yes all correct,3,Yes,Yes,Yes,Matwali Chhetri,Nepali,Labour exchange (being paid in food / meals instead of cash),No,NA,NA,Yes,Tap in yard/plot,10,Pan Toilet,No,4,"Yes, electricity available",NA,NA,1,1,NA,NA,NA,NA,NA,1,NA,NA,NA,NA,NA,NA,NA,1,NA,NA,1,NA,NA,NA,NA,Stones and mud,Flat roof made of mud,Mud,Nepali,1 Kartik 2078,44487,C1116,Daily paid labour,9,survey,4,1,1,1,1,Daily paid labour,209325,N209325,Chum,1,44487.08969,44487.08552,jmpna02,44489.33001,jmpna02,53f6b36c-05ac-4e77-a64e-82d065589d82,44487
239,810e3f1b-1d44-422c-ae2b-82d0c6ed2a38,JMPNA02,CHU113_Chum,C1127,Yes all correct,3,Yes,Yes,Yes,Matwali Chhetri,Nepali,Combination of own production and purchase,No,NA,NA,Yes,Tap in yard/plot,5,Pan Toilet,No,1,"Yes, electricity available",NA,NA,1,1,NA,NA,NA,NA,NA,NA,NA,NA,NA,NA,NA,NA,NA,1,NA,NA,1,NA,NA,NA,NA,Stones and mud,Flat roof made of mud,Mud,Nepali,1 Kartik 2078,44487,C1127,Daily paid labour,7,survey,4,1,1,1,1,Daily paid labour,209353,N209353,Chum,1,44487.1175,44487.11394,jmpna02,44489.33007,jmpna02,11aed7bd-00ff-4ff3-a297-58045a7f117d,44487
240,5a7c6b74-661b-4681-9898-84f3751bcd49,JMPNA02,CHU114_Chum,C1118,Yes all correct,3,Yes,Yes,Yes,Matwali Chhetri,Nepali,Combination of own production and purchase,No,NA,NA,Yes,Tap in yard/plot,5,Pan Toilet,No,4,"Yes, electricity available",NA,NA,1,1,NA,NA,NA,NA,NA,NA,NA,NA,NA,NA,NA,NA,NA,1,NA,NA,1,NA,NA,NA,NA,Stones and mud,Flat roof made of mud,Mud,Nepali,1 Kartik 2078,44487,C1118,Daily paid labour,6,survey,4,1,1,1,1,Daily paid labour,209385,N209385,Chum,1,44487.14979,44487.14615,jmpna02,44489.33014,jmpna02,2a2decc0-975d-4823-a8aa-36b34e2bca01,44487
241,b4f719b0-3b45-4141-bd6a-c811cbc7df47,JMPNA02,CHU115_Chum,C1119,Yes all correct,3,Yes,Yes,Yes,Matwali Chhetri,Nepali,Combination of own production and purchase,No,NA,NA,Yes,Tap in yard/plot,3,Pan Toilet,Yes,4,"Yes, electricity available",NA,NA,NA,1,NA,NA,NA,NA,NA,1,NA,NA,NA,NA,NA,NA,NA,1,NA,NA,NA,NA,NA,NA,NA,Stones and mud,Metal sheets,Mud,Nepali,1 Kartik 2078,44487,C1119,Daily paid labour,6,survey,4,1,1,1,1,Daily paid labour,209415,N209415,Chum,1,44487.18035,44487.17627,jmpna02,44489.33021,jmpna02,654ab018-2799-4b87-9c8c-0002df33463e,44487
242,e065ac27-1e8b-4cca-b0d9-cc2f3cfe5b84,JMPNA02,CHU116_Chum,C1046,Yes all correct,3,Yes,Yes,Yes,Matwali Chhetri,Nepali,Combination of own production and purchase,No,NA,NA,Yes,Tap in yard/plot,3,Pan Toilet,No,5,"Yes, electricity available",1,NA,NA,1,NA,NA,NA,NA,NA,NA,NA,NA,NA,NA,NA,NA,NA,1,NA,NA,1,1,NA,NA,NA,Stones and mud,Flat roof made of mud,Mud,Nepali,1 Kartik 2078,44487,C1046,Daily paid labour,7,survey,5,1,1,1,2,Daily paid labour,209456,N209456,Chum,1,44487.22191,44487.21705,jmpna02,44489.33025,jmpna02,6903b17f-8bcc-42c5-b95b-81b5c987afda,44487
243,ec0df5bc-7b74-4751-be6c-44acd1cd4894,JMPNA02,CHU117_Chum,C1053,Yes all correct,3,Yes,Yes,Yes,Matwali Chhetri,Nepali,Combination of own production and purchase,No,NA,NA,Yes,Tap in yard/plot,5,Pan Toilet,Yes,2,"Yes, electricity available",NA,NA,NA,1,NA,NA,NA,NA,NA,1,NA,NA,NA,NA,NA,NA,NA,1,NA,NA,1,NA,NA,NA,NA,Stones and mud,Metal sheets,Mud,Nepali,1 Kartik 2078,44487,C1053,Daily paid labour,5,survey,4,1,1,1,1,Daily paid labour,209493,N209493,Chum,1,44487.25772,44487.25395,jmpna02,44489.33032,jmpna02,2fd9daa4-01b9-4203-a3ed-9edd7a9e87b5,44487
244,fcaec528-4f39-4e77-a059-3ced6d90d0c6,JMPNA02,CHU118_Chum,C1168,Yes all correct,3,Yes,Yes,Yes,Janajati (not newari),Other,Combination of own production and purchase,Yes - working,No,NA,Yes,Tap in yard/plot,6,Pan Toilet,No,1,"Yes, electricity available",NA,NA,1,NA,NA,NA,NA,NA,NA,1,NA,NA,NA,NA,NA,NA,NA,1,NA,NA,1,NA,NA,NA,NA,Stones and mud,Metal sheets,Wooden planks,Other,2 Kartik 2078,44488,C1168,Daily paid labour,6,survey,5,1,1,1,2,Daily paid labour,210380,N210380,Chum,1,44488.14582,44488.14133,jmpna02,44489.33036,jmpna02,22e33755-cc9e-4de0-9da3-a7c00894cf5d,44488
245,6269c676-2070-4a70-ab3c-5e0f5995d22a,JMPNA02,CHU119_Chum,C1164,Yes all correct,3,Yes,Yes,Yes,Janajati (not newari),Other,Combination of own production and purchase,No,NA,NA,Yes,Tap in yard/plot,5,Pan Toilet,No,4,"Yes, electricity available",NA,NA,1,1,NA,NA,NA,NA,NA,1,NA,NA,NA,NA,NA,NA,NA,1,1,NA,1,NA,NA,NA,NA,Stones and mud,Flat roof made of mud,Wooden planks,Other,2 Kartik 2078,44488,C1164,Selling own crop production,8,survey,4,1,1,1,1,Selling own crop production,210413,N210413,Chum,1,44488.17766,44488.17436,jmpna02,44489.33045,jmpna02,406dea5d-eed5-4deb-abe2-bc241d5ec582,44488
246,11d8fef3-b5c2-4a4d-8ca1-70a129c4c0cb,JMPNA02,CHU121_Chum,C1180,Yes all correct,3,Yes,Yes,Yes,Janajati (not newari),Other,Combination of own production and purchase,Yes - studying,NA,NA,Yes,Tap in yard/plot,6,Pan Toilet,No,4,"Yes, electricity available",NA,NA,NA,1,NA,NA,NA,NA,NA,1,NA,NA,NA,NA,NA,NA,NA,1,NA,NA,1,NA,NA,NA,NA,Stones and mud,Flat roof made of mud,Mud,Other,2 Kartik 2078,44488,C1180,Daily paid labour,4,survey,3,1,1,1,0,Daily paid labour,210450,N210450,Chum,1,44488.21509,44488.21087,jmpna02,44489.33053,jmpna02,5912e598-e494-48d2-af6f-78d16f531edd,44488
247,c5fbe051-3af3-47bb-88c2-7b93bd51b397,JMPNA02,CHU122_Chum,C1179,Yes all correct,3,Yes,Yes,Yes,Janajati (not newari),Other,Combination of own production and purchase,Yes - studying,NA,NA,Yes,Tap in yard/plot,5,Pan Toilet,No,6,"Yes, electricity available",NA,NA,1,1,NA,NA,NA,NA,NA,1,NA,NA,NA,NA,NA,NA,NA,1,NA,NA,1,NA,NA,NA,NA,Stones and mud,Metal sheets,Wooden planks,Other,2 Kartik 2078,44488,C1179,Selling own crop production,8,survey,5,1,1,2,1,Selling own crop production,210471,N210471,Chum,1,44488.23561,44488.23183,jmpna02,44489.33063,jmpna02,e4517afe-2d8e-4c01-865b-6970bcebd266,44488
248,11eac9d3-71a9-4739-8815-077dd43b04d3,JMPNA03,GAD101_Gadigaun,A1196,Yes all correct,1,Yes,Yes,Yes,Matwali Chhetri,Nepali,Combination of own production and purchase,No,NA,NA,Yes,Tap in yard/plot,6,Pan Toilet,No,4,"Yes, electricity available",NA,1,1,1,NA,NA,NA,NA,NA,1,NA,NA,NA,NA,NA,NA,NA,1,NA,NA,1,NA,NA,NA,NA,Stones and mud,Flat roof made of mud,Mud,Nepali,26 Ashwin 2078,44481,A1196,Office job,11,survey,5,1,1,1,2,Office job,203356,O203356,Gadigaun,1,44481.12059,44481.10519,jmpna03,44489.58377,jmpna03,92bb36da-20ff-42c3-9eb3-8ba397cebfc3,44481
249,101b6b78-1f7d-4636-82f9-3e21de78c5d0,JMPNA03,GAD102_Gadigaun,A1019,Yes all correct,1,Yes,Yes,Yes,Matwali Chhetri,Nepali,Combination of own production and purchase,Yes - working,No,NA,Yes,Tap in yard/plot,7,Pan Toilet,No,4,"Yes, electricity available",1,NA,NA,1,NA,NA,NA,NA,NA,1,NA,NA,NA,NA,NA,NA,NA,1,NA,NA,1,NA,NA,NA,NA,Stones and mud,Flat roof made of mud,Mud,Nepali,26 Ashwin 2078,44481,A1019,Selling own crop production,5,survey,3,1,1,0,1,Selling own crop production,203400,O203400,Gadigaun,1,44481.16469,44481.16068,jmpna03,44489.58424,jmpna03,7c5a4d76-1f40-484a-9ff8-824ca14ec25f,44481
250,c91423d7-a0ad-473c-b987-ad89513a4252,JMPNA03,GAD104_Gadigaun,A1023,Yes all correct,1,Yes,Yes,Yes,Matwali Chhetri,Nepali,Combination of own production and purchase,No,NA,NA,Yes,Tap in yard/plot,12,Pan Toilet,No,4,"Yes, electricity available",NA,NA,NA,1,NA,NA,NA,NA,NA,1,NA,NA,NA,NA,NA,NA,NA,1,1,NA,1,NA,NA,NA,NA,Stones and mud,Flat roof made of mud,Mud,Nepali,29 Ashwin 2078,44484,A1023,Selling own crop production,6,survey,4,1,1,1,1,Selling own crop production,206393,O206393,Gadigaun,1,44484.15749,44484.15376,jmpna03,44489.58443,jmpna03,4d0e7589-4193-41d8-afd7-d131b4d41cc4,44484
251,29106fc2-ad35-47b9-8ea3-d6051ce23406,JMPNA03,GAD103_Gadigaun,A1023,Yes all correct,1,Yes,Yes,Yes,Matwali Chhetri,Nepali,Combination of own production and purchase,No,NA,NA,Yes,Tap in yard/plot,12,Pan Toilet,No,4,"Yes, electricity available",1,NA,NA,1,NA,NA,NA,NA,NA,NA,NA,NA,NA,NA,NA,NA,NA,1,1,NA,NA,NA,NA,NA,NA,Stones and mud,Flat roof made of mud,Mud,Nepali,29 Ashwin 2078,44484,A1023,Selling own crop production,6,survey,4,1,1,1,1,Selling own crop production,206397,O206397,Gadigaun,1,44484.15947,44484.15816,jmpna03,44489.5848,jmpna03,748f8636-e873-48ed-8a5d-0e7893d7d2cd,44484
253,63486086-2b89-4258-8d96-0620978f9f45,JMPNA03,GAD105_Gadigaun,A1030,Yes all correct,1,Yes,Yes,Yes,Matwali Chhetri,Nepali,Combination of own production and purchase,No,NA,NA,Yes,Mul (natural sources of water emerging from mounrtains),25,Pan Toilet,No,4,"Yes, electricity available",NA,NA,NA,1,NA,NA,NA,NA,NA,NA,NA,NA,NA,NA,NA,NA,NA,1,NA,NA,1,NA,NA,NA,NA,Stones and mud,Flat roof made of mud,Mud,Nepali,29 Ashwin 2078,44484,A1030,Selling own crop production,10,survey,5,1,1,1,2,Selling own crop production,206522,O206522,Gadigaun,1,44484.28572,44484.28248,jmpna03,44489.58529,jmpna03,db58ecff-98d8-4492-b46a-839b0df81858,44484
254,82851573-2604-48bf-970e-a424a1da3033,JMPNA03,GAD106_Gadigaun,A1043,Yes all correct,1,Yes,Yes,Yes,Matwali Chhetri,Nepali,Combination of own production and purchase,Yes - working,No,NA,Yes,Tap in yard/plot,15,Pan Toilet,No,3,"Yes, electricity available",NA,NA,NA,1,NA,NA,NA,NA,NA,1,NA,NA,NA,NA,NA,NA,NA,1,NA,NA,1,NA,NA,NA,NA,Stones and mud,Flat roof made of mud,Mud,Nepali,29 Ashwin 2078,44484,A1043,Selling own crop production,8,survey,5,1,1,2,1,Selling own crop production,206556,O206556,Gadigaun,1,44484.32029,44484.31698,jmpna03,44489.58554,jmpna03,8cb4b024-7507-4df0-be60-96db55cccce4,44484
255,03abf726-7e08-4ba2-98ae-5dfbbb25c7a4,JMPNA03,GAD107_Gadigaun,A1012,Yes all correct,1,Yes,Yes,Yes,Matwali Chhetri,Nepali,Combination of own production and purchase,No,NA,NA,Yes,Tap in yard/plot,25,Pan Toilet,No,2,"Yes, electricity available",NA,NA,NA,1,NA,NA,NA,NA,NA,NA,NA,NA,NA,NA,NA,NA,NA,1,NA,NA,1,NA,NA,NA,NA,Stones and mud,Flat roof made of mud,Mud,Nepali,31 Ashwin 2078,44486,A1012,Selling own crop production,9,survey,5,1,1,2,1,Selling own crop production,208290,O208290,Gadigaun,1,44486.05596,44486.05095,jmpna03,44489.58601,jmpna03,68565e61-242d-4a07-8ca1-2d84acd65281,44486
256,7fea1250-5cbc-4460-b8de-71288c21a74f,JMPNA03,GAD108_Gadigaun,A1070,Yes all correct,1,Yes,Yes,Yes,Matwali Chhetri,Nepali,Combination of own production and purchase,Yes - studying,NA,NA,Yes,Tap in yard/plot,10,Pan Toilet,No,6,"Yes, electricity available",NA,1,1,1,NA,NA,NA,NA,NA,1,NA,NA,NA,NA,NA,NA,NA,1,1,NA,1,1,NA,NA,NA,Stones and mud,Metal sheets,Mud,Nepali,31 Ashwin 2078,44486,A1070,Mushroom picking/ yachagumba,6,survey,4,1,1,1,1,Mushroom picking/ yachagumba,208322,O208322,Gadigaun,1,44486.08476,44486.08257,jmpna03,44489.58634,jmpna03,dbe750ce-0553-476d-a7d4-6ea899ef5bb1,44486
257,d519f13c-a13a-4b48-ae82-6f82d68f6498,JMPNA03,GAD109_Gadigaun,A1169,Yes all correct,1,Yes,Yes,Yes,Matwali Chhetri,Nepali,Combination of own production and purchase,No,NA,NA,Yes,Tap in yard/plot,6,Pan Toilet,No,5,No,NA,NA,1,1,NA,NA,NA,NA,NA,1,NA,NA,NA,NA,NA,NA,NA,1,1,NA,1,NA,NA,NA,NA,Stones and mud,Metal sheets,Mud,Nepali,2 Kartik 2078,44488,A1169,"Medium scale trade (small grocery, medicine shop, small rice mill, etc)",5,survey,4,1,1,1,1,"Medium scale trade (small grocery, medicine shop, small rice mill, etc)",210518,O210518,Gadigaun,1,44488.28164,44488.27894,jmpna03,44489.58641,jmpna03,9552ab13-e5e0-4cb8-ad0d-4f4be033e373,44488
258,b9bfd90f-9753-4c5c-bc31-ed83f216e474,JMPNA03,GAD110_Gadigaun,A1093,Yes all correct,1,Yes,Yes,Yes,Matwali Chhetri,Nepali,Combination of own production and purchase,Yes - studying,NA,NA,Yes,Tap in yard/plot,10,Pan Toilet,No,2,"Yes, electricity available",NA,NA,1,1,NA,NA,NA,NA,NA,1,NA,NA,NA,NA,NA,NA,NA,1,NA,NA,1,1,NA,NA,NA,Stones and mud,Flat roof made of mud,Mud,Nepali,2 Kartik 2078,44488,A1093,Selling own crop production,8,survey,5,1,1,1,2,Selling own crop production,210571,O210571,Gadigaun,1,44488.33743,44488.33225,jmpna03,44489.58646,jmpna03,d019c7f5-c229-41ca-9a65-e62736c5115f,44488
259,8388a574-1d21-40f6-b943-45bc92524413,JMPNA03,GAD111_Gadigaun,A1194,Yes all correct,1,Yes,Yes,Yes,Matwali Chhetri,Nepali,Combination of own production and purchase,Yes - working,No,NA,Yes,Tap in yard/plot,6,Pan Toilet,Yes,2,"Yes, electricity available",NA,NA,NA,1,NA,NA,NA,NA,NA,NA,NA,NA,NA,NA,NA,NA,NA,1,NA,NA,1,NA,NA,NA,NA,Stones and mud,Flat roof made of mud,Mud,Nepali,2 Kartik 2078,44488,A1194,Selling own crop production,12,survey,4,1,1,1,1,Selling own crop production,210610,O210610,Gadigaun,1,44488.38439,44488.37084,jmpna03,44489.5865,jmpna03,5d57a3a6-16f5-477c-b3a5-97beb4c64c6d,44488
260,64443aa0-76a9-4d6b-850f-90b8ca68500a,JMPNA03,GAD112_Gadigaun,A1131,Yes all correct,1,Yes,Yes,Yes,Matwali Chhetri,Nepali,Combination of own production and purchase,No,NA,NA,Yes,Tap in yard/plot,7,Pan Toilet,No,2,"Yes, electricity available",NA,NA,NA,1,NA,NA,NA,NA,NA,NA,NA,NA,NA,NA,NA,NA,NA,1,NA,NA,1,1,NA,NA,NA,Stones and mud,Flat roof made of mud,Mud,Nepali,2 Kartik 2078,44488,A1131,Selling own crop production,5,survey,5,1,1,2,1,Selling own crop production,210674,O210674,Gadigaun,1,44488.43704,44488.43455,jmpna03,44489.58655,jmpna03,44d85c46-01d5-4bf5-813b-836a5d2c21d1,44488
261,c5f72d21-75e1-4658-b07e-9506a3103eea,JMPNA04,LOR101_Lorpa,G1059,Yes all correct,5,Yes,Yes,Yes,Matwali Chhetri,Jumli dialect,Combination of own production and purchase,No,NA,NA,Yes,Tap in yard/plot,5,Pan Toilet,No,4,"Yes, electricity available",NA,1,1,1,NA,NA,NA,NA,NA,1,NA,NA,NA,NA,NA,NA,NA,1,1,NA,1,1,NA,NA,NA,Stones and mud,Flat roof made of mud,Mud,Nepali,31 Ashwin 2078,44486,G1059,"Small scale trade (small market stall, very small shop at home)",5,survey,3,1,1,1,0,"Small scale trade (small market stall, very small shop at home)",208786,P208786,Lorpa,1,44486.55647,44486.54657,jmpna04,44490.21925,jmpna04,20517448-d6cf-4d87-ac7c-d065bfdd7587,44486
262,dc7cfb5a-c88c-425b-8806-2fe293106809,JMPNA04,LOR102_Lorpa,G1196,Yes all correct,5,Yes,Yes,Yes,Matwali Chhetri,Jumli dialect,Combination of own production and purchase,No,NA,NA,Yes,Tap in yard/plot,5,Pan Toilet,No,4,"Yes, electricity available",1,1,1,1,NA,NA,NA,NA,NA,1,NA,NA,NA,NA,NA,NA,NA,1,1,NA,1,1,NA,NA,NA,Stones and mud,Flat roof made of mud,Mud,Nepali,31 Ashwin 2078,44486,G1196,Selling own crop production,5,survey,3,1,1,0,1,Selling own crop production,208829,P208829,Lorpa,1,44486.59515,44486.59025,jmpna04,44490.21927,jmpna04,5b96d60a-116d-4bfa-b23e-4827db8c5070,44486
263,016f8b6c-b88b-4a8f-894e-61cef038a6b4,JMPNA04,LOR103_Lorpa,G1046,Yes all correct,5,Yes,Yes,Yes,Matwali Chhetri,Jumli dialect,Combination of own production and purchase,No,NA,NA,Yes,Tap in yard/plot,5,Pan Toilet,No,4,"Yes, electricity available",NA,NA,NA,1,NA,NA,NA,NA,NA,1,NA,NA,NA,NA,NA,NA,NA,1,1,NA,1,1,NA,NA,NA,Stones and mud,Flat roof made of mud,Mud,Nepali,31 Ashwin 2078,44486,G1046,Daily paid labour,4,survey,3,1,1,1,0,Daily paid labour,208860,P208860,Lorpa,1,44486.62566,44486.6208,jmpna04,44490.21931,jmpna04,9389dce7-efab-4a08-84ee-2a729842bd3b,44486
264,54f35d76-4149-41f7-90db-89af2aa229a5,JMPNA04,LOR104_Lorpa,G1042,Yes all correct,5,Yes,Yes,Yes,Matwali Chhetri,Jumli dialect,Combination of own production and purchase,Yes - studying,NA,NA,Yes,Tap in yard/plot,5,Pan Toilet,No,3,"Yes, electricity available",NA,1,NA,1,NA,NA,NA,NA,NA,1,NA,NA,NA,NA,NA,NA,NA,1,1,NA,1,1,NA,NA,NA,Stones and mud,Flat roof made of mud,Mud,Nepali,1 Kartik 2078,44487,G1042,"Small scale trade (small market stall, very small shop at home)",8,survey,5,1,1,2,1,"Small scale trade (small market stall, very small shop at home)",209347,P209347,Lorpa,1,44487.11234,44487.10815,jmpna04,44490.21933,jmpna04,0831247f-8b14-43b2-add0-2357bb78c6a7,44487
265,3800436f-893a-4c71-b902-31e752af0f42,JMPNA04,LOR105_Lorpa,G1085,Yes all correct,5,Yes,Yes,Yes,Matwali Chhetri,Jumli dialect,Combination of own production and purchase,Yes - studying,NA,NA,Yes,Tap in yard/plot,5,Pan Toilet,No,3,"Yes, electricity available",NA,1,1,1,NA,NA,NA,NA,NA,1,NA,NA,NA,NA,NA,NA,NA,1,1,NA,1,NA,NA,NA,NA,Stones and mud,Flat roof made of mud,Mud,Nepali,1 Kartik 2078,44487,G1085,Daily paid labour,6,survey,3,1,1,0,1,Daily paid labour,209389,P209389,Lorpa,1,44487.15593,44487.15032,jmpna04,44490.21935,jmpna04,161ccce4-32ce-40a9-99e3-b11fcaec0399,44487
266,eb9965e5-abf8-4ff4-820f-2b62263b62c3,JMPNA04,LOR106_Lorpa,G1075,Yes all correct,5,Yes,Yes,Yes,Matwali Chhetri,Jumli dialect,Combination of own production and purchase,No,NA,NA,Yes,Tap in yard/plot,5,Pan Toilet,No,5,"Yes, electricity available",NA,1,1,1,NA,NA,NA,NA,NA,NA,NA,NA,NA,NA,NA,NA,NA,1,1,NA,1,1,NA,NA,NA,Stones and mud,Flat roof made of mud,Mud,Nepali,1 Kartik 2078,44487,G1075,Daily paid labour,6,survey,4,1,1,2,0,Daily paid labour,209420,P209420,Lorpa,1,44487.18488,44487.18046,jmpna04,44490.21938,jmpna04,661b02b6-a730-4527-875b-964e5167c231,44487
267,1db2c682-9953-4cfb-a97d-a42f4618b28a,JMPNA04,LOR107_Lorpa,G1081,Yes all correct,5,Yes,Yes,Yes,Matwali Chhetri,Jumli dialect,Combination of own production and purchase,No,NA,NA,Yes,Tap in yard/plot,5,Pan Toilet,Yes,4,"Yes, electricity available",NA,NA,1,1,NA,NA,NA,NA,NA,1,NA,NA,NA,NA,NA,NA,NA,1,1,NA,1,1,NA,NA,NA,Stones and mud,Flat roof made of mud,Mud,Nepali,1 Kartik 2078,44487,G1081,Daily paid labour,6,survey,4,1,1,1,1,Daily paid labour,209446,P209446,Lorpa,1,44487.2105,44487.20691,jmpna04,44490.21941,jmpna04,c8ba4062-f59c-4edf-85e6-b0a260e41940,44487
268,07a36f26-5914-48ca-912c-dc0f25d02c6f,JMPNA04,LOR108_Lorpa,G1204,Yes all correct,5,Yes,Yes,Yes,Matwali Chhetri,Jumli dialect,Combination of own production and purchase,No,NA,NA,Yes,Tap in yard/plot,5,Pan Toilet,No,3,"Yes, electricity available",1,NA,1,1,NA,NA,NA,NA,NA,NA,NA,NA,NA,NA,NA,NA,NA,1,1,NA,1,1,NA,NA,NA,Stones and mud,Flat roof made of mud,Mud,Nepali,1 Kartik 2078,44487,G1204,Selling own crop production,4,survey,3,1,1,1,0,Selling own crop production,209491,P209491,Lorpa,1,44487.25704,44487.25198,jmpna04,44490.21944,jmpna04,c554b292-d34d-4a47-8940-985376611b2a,44487
269,c11a2b7d-073b-4798-89c3-bf595ba73564,JMPNA04,LOR109_Lorpa,G1214,Yes all correct,5,Yes,Yes,Yes,Matwali Chhetri,Jumli dialect,Combination of own production and purchase,No,NA,NA,Yes,Tap in yard/plot,5,Pan Toilet,No,5,"Yes, electricity available",NA,NA,1,1,NA,NA,NA,NA,NA,1,NA,NA,NA,NA,NA,NA,NA,1,1,NA,1,1,NA,NA,NA,Stones and mud,Flat roof made of mud,Mud,Nepali,1 Kartik 2078,44487,G1214,Selling own crop production,9,survey,4,1,1,1,1,Selling own crop production,209512,P209512,Lorpa,1,44487.27727,44487.27258,jmpna04,44490.21947,jmpna04,3a1d372e-e045-4c1c-b72d-40c42d60179b,44487
270,b909f085-9810-465d-a79e-652c9d4b9084,JMPNA04,LOR110_Lorpa,G1063,Yes all correct,5,Yes,Yes,Yes,Matwali Chhetri,Jumli dialect,Combination of own production and purchase,No,NA,NA,Yes,Tap in yard/plot,5,Pan Toilet,No,5,"Yes, electricity available",NA,1,1,1,1,NA,NA,NA,NA,1,NA,NA,NA,NA,NA,NA,NA,1,1,NA,1,1,NA,NA,NA,Stones and mud,Flat roof made of mud,Mud,Nepali,1 Kartik 2078,44487,G1063,Selling own crop production,7,reserve,5,1,0,3,1,Selling own crop production,209570,P209570,Lorpa,1,44487.33441,44487.3308,jmpna04,44490.2195,jmpna04,ec47bc4e-92af-445f-a126-1466f75574bf,44487
271,d5e4443b-98f7-4877-b717-ae23daa59ade,JMPNA04,LOR111_Lorpa,G1096,Yes all correct,5,Yes,Yes,Yes,Matwali Chhetri,Jumli dialect,Combination of own production and purchase,No,NA,NA,Yes,Tap in yard/plot,5,Pan Toilet,No,4,"Yes, electricity available",NA,1,NA,1,1,NA,NA,NA,NA,NA,NA,NA,NA,NA,NA,NA,NA,1,1,NA,1,1,NA,NA,NA,Stones and mud,Flat roof made of mud,Mud,Nepali,1 Kartik 2078,44487,G1096,Daily paid labour,5,survey,3,1,1,1,0,Daily paid labour,209594,P209594,Lorpa,1,44487.36028,44487.35514,jmpna04,44490.21953,jmpna04,277f6c49-caad-4012-937e-d80fe435c6da,44487
272,685bd57a-cb91-43ef-adb8-9facbd2a15d7,JMPNA04,LOR112_Lorpa,G1206,Yes all correct,5,Yes,Yes,Yes,Matwali Chhetri,Jumli dialect,Combination of own production and purchase,No,NA,NA,Yes,Tap in dwelling,5,Pan Toilet,No,8,"Yes, electricity available",NA,NA,NA,1,NA,NA,NA,NA,NA,NA,NA,NA,NA,NA,NA,NA,NA,1,1,NA,1,1,NA,NA,NA,Stones and mud,Metal sheets,Mud,Nepali,1 Kartik 2078,44487,G1206,Selling own crop production,5,survey,3,1,1,0,1,Selling own crop production,209649,P209649,Lorpa,1,44487.41306,44487.40975,jmpna04,44490.21956,jmpna04,cc324f10-3807-4aa3-8f59-4b3389d857e6,44487
273,433463f6-027c-4394-8bfe-36d68ea24b17,JMPNA04,LOR113_Lorpa,G1113,Yes all correct,5,Yes,Yes,Yes,Matwali Chhetri,Jumli dialect,Combination of own production and purchase,Yes - working,Yes,Your spouse,Yes,Tap in yard/plot,5,Pan Toilet,No,6,"Yes, electricity available",1,1,1,1,NA,NA,NA,NA,NA,1,NA,NA,NA,NA,NA,NA,NA,1,1,NA,1,1,NA,NA,NA,Stones and mud,Flat roof made of mud,Mud,Nepali,1 Kartik 2078,44487,G1113,Selling own crop production,7,survey,3,1,0,1,1,Selling own crop production,209675,P209675,Lorpa,1,44487.44057,44487.43597,jmpna04,44490.21958,jmpna04,cb28ab2f-2984-4a9a-a355-8319cb4caeec,44487
274,31a418ae-2a24-4a9c-852a-beab7db4b083,JMPNA04,LOR114_Lorpa,G1147,Yes all correct,5,Yes,Yes,Yes,Matwali Chhetri,Jumli dialect,Purchase,No,NA,NA,Yes,Tap in yard/plot,5,Pan Toilet,No,4,"Yes, electricity available",NA,1,1,1,NA,NA,NA,NA,NA,NA,NA,NA,NA,NA,NA,NA,NA,1,1,NA,1,1,NA,NA,NA,Stones and mud,Flat roof made of mud,Mud,Nepali,1 Kartik 2078,44487,G1147,Selling own crop production,6,survey,4,1,1,1,1,Selling own crop production,209695,P209695,Lorpa,1,44487.46001,44487.45583,jmpna04,44490.21961,jmpna04,fa1e2c3f-433d-4bb1-a812-5d3b77c5924c,44487
275,26e2c0dc-499a-4719-8ce9-f421ea8734b3,JMPNA04,LOR115_Lorpa,G1121,Yes all correct,5,Yes,Yes,Yes,Matwali Chhetri,Jumli dialect,Combination of own production and purchase,No,NA,NA,Yes,Tap in yard/plot,5,Pan Toilet,Yes,5,"Yes, electricity available",NA,NA,1,1,NA,NA,NA,NA,NA,NA,NA,NA,NA,NA,NA,NA,NA,1,1,NA,1,NA,NA,NA,NA,Stones and mud,Flat roof made of mud,Mud,Nepali,1 Kartik 2078,44487,G1121,Selling own crop production,7,survey,4,1,1,1,1,Selling own crop production,209733,P209733,Lorpa,1,44487.49775,44487.49359,jmpna04,44490.21983,jmpna04,6a22fe0e-6b61-4357-810e-68f6ad39dc21,44487
276,0456915b-5db0-4461-8607-d8f3d5c3ccaf,JMPNA04,LOR116_Lorpa,G1146,Yes all correct,5,Yes,Yes,Yes,Matwali Chhetri,Jumli dialect,Combination of own production and purchase,No,NA,NA,Yes,Tap in yard/plot,5,Pan Toilet,No,3,"Yes, electricity available",NA,1,NA,1,NA,NA,NA,NA,NA,NA,NA,NA,NA,NA,NA,NA,NA,1,1,NA,1,1,NA,NA,NA,Stones and mud,Flat roof made of mud,Mud,Nepali,1 Kartik 2078,44487,G1146,Daily paid labour,5,survey,4,1,1,2,0,Daily paid labour,209756,P209756,Lorpa,1,44487.52828,44487.51734,jmpna04,44490.2199,jmpna04,e54a221b-8d31-4b0e-a06f-506b74e97179,44487
277,6d547101-f5d0-401b-842e-51a457204ec1,JMPNA04,LOR117_Lorpa,G1171,Yes all correct,5,Yes,Yes,Yes,Matwali Chhetri,Jumli dialect,Combination of own production and purchase,No,NA,NA,Yes,Tap in yard/plot,5,Pan Toilet,Yes,4,"Yes, electricity available",NA,1,1,1,NA,NA,NA,NA,NA,NA,NA,NA,NA,NA,NA,NA,NA,1,1,NA,1,1,NA,NA,NA,Stones and mud,Flat roof made of mud,Mud,Nepali,1 Kartik 2078,44487,G1171,Selling own crop production,5,survey,4,1,1,2,0,Selling own crop production,209802,P209802,Lorpa,1,44487.56685,44487.56252,jmpna04,44490.21992,jmpna04,799aab04-159d-4cd2-9c18-7e8dafa7c48f,44487
278,e57f10ab-71b8-4b56-8f7e-ad8f04371d76,JMPNA04,LOR118_Lorpa,G1118,Yes all correct,5,Yes,Yes,Yes,Matwali Chhetri,Jumli dialect,Combination of own production and purchase,Yes - working,Yes,Mother,Yes,Tap in yard/plot,5,Pan Toilet,No,4,"Yes, electricity available",NA,1,1,1,NA,NA,NA,NA,NA,1,NA,NA,NA,NA,NA,NA,NA,1,1,NA,1,1,NA,NA,NA,Stones and mud,Flat roof made of mud,Mud,Nepali,1 Kartik 2078,44487,G1118,Selling own crop production,6,survey,5,1,1,1,2,Selling own crop production,209824,P209824,Lorpa,1,44487.58943,44487.58503,jmpna04,44490.21995,jmpna04,1f0a8e64-ecc6-4d35-9971-843dd90b9c12,44487
279,a42bf5b9-d6d7-4a99-820b-94bee9ae7e3a,JMPNA04,LOR119_Lorpa,G1153,Yes all correct,5,Yes,Yes,Yes,Matwali Chhetri,Jumli dialect,Combination of own production and purchase,No,NA,NA,Yes,Tap in yard/plot,5,Pan Toilet,No,4,"Yes, electricity available",NA,1,1,1,NA,NA,NA,NA,NA,1,NA,NA,NA,NA,NA,NA,NA,1,1,NA,1,1,NA,NA,NA,Stones and mud,Flat roof made of mud,Mud,Nepali,1 Kartik 2078,44487,G1153,Selling own crop production,8,survey,5,1,1,2,1,Selling own crop production,209846,P209846,Lorpa,1,44487.61145,44487.60668,jmpna04,44490.21999,jmpna04,719521d0-0128-4906-af58-9a27e42ac53f,44487
280,c883fd79-5e51-4728-a937-1b0440c5604e,JMPNA04,LOR120_Lorpa,G1143,Yes all correct,5,Yes,Yes,Yes,Matwali Chhetri,Jumli dialect,Combination of own production and purchase,Yes - working,Yes,Your spouse,Yes,Tap in yard/plot,5,Pan Toilet,No,10,"Yes, electricity available",NA,1,NA,1,NA,NA,NA,NA,NA,NA,NA,NA,NA,NA,NA,NA,NA,1,1,NA,1,1,NA,NA,NA,Stones and mud,Metal sheets,Mud,Nepali,3 Kartik 2078,44489,G1143,Office job,4,survey,3,1,0,1,1,Office job,211462,P211462,Lorpa,1,44489.22751,44489.22243,jmpna04,44490.22002,jmpna04,8f24cb59-2336-4b89-b023-f51032eb66e5,44489
281,d8cba7b7-840f-43dc-8b54-832ee2447b42,JMPNA07,PER101_Pere,B1012,Yes all correct,1,Yes,Yes,Yes,Matwali Chhetri,Nepali,Combination of own production and purchase,No,NA,NA,Yes,Tap in dwelling,5,Pan Toilet,Yes,2,"Yes, electricity available",NA,NA,1,NA,NA,NA,NA,NA,NA,NA,NA,NA,NA,NA,NA,NA,NA,1,1,NA,1,NA,NA,NA,NA,Stones and mud,Flat roof made of mud,Mud,Nepali,31 Ashwin 2078,44486,B1012,Selling own crop production,6,reserve,3,1,1,0,1,Selling own crop production,208417,S208417,Pere,1,44486.18411,44486.17802,jmpna07,44490.22708,jmpna07,a7ac01ed-fc4c-457a-a741-7b34bec3a2c0,44486
282,90cf7df2-ed68-4bfe-b417-282b2b9c77a1,JMPNA07,PER102_Pere,B1228,Yes all correct,2,Yes,Yes,Yes,Matwali Chhetri,Nepali,Combination of own production and purchase,Yes - studying,NA,NA,Yes,Tap in dwelling,5,Pan Toilet,Yes,2,"Yes, electricity available",1,NA,1,NA,NA,NA,NA,NA,NA,1,NA,NA,NA,NA,NA,NA,NA,1,1,NA,1,1,NA,NA,NA,Stones and mud,Flat roof made of mud,Mud,Nepali,1 Kartik 2078,44487,B1228,Selling own crop production,10,survey,5,1,1,2,1,Selling own crop production,209318,S209318,Pere,1,44487.08531,44487.07918,jmpna07,44490.22709,jmpna07,425dcaf4-e758-4efb-9134-176f222115a4,44487
283,b3dc3af0-9619-463c-80a3-d2f8144986c8,JMPNA07,PER103_Pere,B1167,Yes all correct,2,Yes,Yes,Yes,Matwali Chhetri,Nepali,Combination of own production and purchase,No,NA,NA,Yes,Tap in dwelling,15,Pan Toilet,Yes,8,"Yes, electricity available",NA,NA,NA,1,NA,NA,NA,NA,NA,NA,NA,NA,NA,NA,NA,NA,NA,1,1,NA,1,1,NA,NA,NA,Stones and mud,Flat roof made of mud,Mud,Nepali,1 Kartik 2078,44487,B1167,Selling own crop production,5,survey,4,1,1,1,1,Selling own crop production,209370,S209370,Pere,1,44487.13473,44487.1306,jmpna07,44490.22712,jmpna07,ec7f3092-46c6-4d12-925c-9bddf21c445b,44487
284,c5307479-8da5-4238-83bb-0d50489cb105,JMPNA07,PER104_Pere,B1123,Yes all correct,2,Yes,Yes,Yes,Matwali Chhetri,Nepali,Combination of own production and purchase,No,NA,NA,Yes,Tap in dwelling,5,Pan Toilet,Yes,8,"Yes, electricity available",NA,1,1,NA,NA,NA,NA,NA,NA,NA,NA,NA,NA,NA,NA,NA,NA,1,1,NA,1,NA,NA,NA,NA,Stones and mud,Flat roof made of mud,Mud,Nepali,1 Kartik 2078,44487,B1123,Selling own crop production,6,reserve,5,1,1,2,1,Selling own crop production,209430,S209430,Pere,1,44487.19465,44487.19042,jmpna07,44490.22714,jmpna07,b2cb0898-9b6e-4fa7-891a-6cf636651335,44487
285,11a9c238-be63-46d4-8ddb-93d5e26053df,JMPNA07,PER105_Pere,B1144,Yes all correct,2,Yes,Yes,Yes,Matwali Chhetri,Nepali,Combination of own production and purchase,No,NA,NA,Yes,Tap in dwelling,6,Pan Toilet,Yes,6,"Yes, electricity available",NA,NA,1,NA,NA,NA,NA,NA,NA,1,NA,NA,NA,NA,NA,NA,NA,1,1,1,1,1,NA,NA,NA,Stones and mud,Flat roof made of mud,Mud,Nepali,1 Kartik 2078,44487,B1144,Selling own crop production,10,survey,5,1,1,1,2,Selling own crop production,209466,S209466,Pere,1,44487.22951,44487.22654,jmpna07,44490.22716,jmpna07,f29d80b4-ebcb-4a16-8ea1-17b63cad46a8,44487
286,cf6bfbe1-d722-48b5-9ac3-cff2225bea97,JMPNA07,PER106_Pere,B1081,Yes all correct,2,Yes,Yes,Yes,Matwali Chhetri,Nepali,Combination of own production and purchase,No,NA,NA,Yes,Public Tap,20,Pan Toilet,Yes,4,"Yes, electricity available",NA,NA,NA,1,NA,NA,NA,NA,NA,1,NA,NA,NA,NA,NA,NA,NA,1,NA,NA,1,1,NA,NA,NA,Stones and mud,Flat roof made of mud,Mud,Nepali,1 Kartik 2078,44487,B1081,Office job,9,survey,5,1,1,2,1,Office job,209595,S209595,Pere,1,44487.36073,44487.35569,jmpna07,44490.22719,jmpna07,b1c2cf94-eeab-461e-97fe-e0dfd5ebc813,44487
287,bdfb0149-84ea-437c-b6b5-b251193d0de4,JMPNA07,PER107_Pere,B1247,Yes partially correct,2,Yes,Yes,Yes,Dalit,Nepali,Combination of own production and purchase,Yes - working,Yes,Father,Yes,Public Tap,20,Pan Toilet,Yes,4,"Yes, electricity available",NA,1,NA,1,NA,NA,NA,NA,NA,1,NA,NA,NA,NA,NA,NA,NA,1,NA,NA,1,1,NA,NA,NA,Stones and mud,Flat roof made of mud,Mud,Nepali,1 Kartik 2078,44487,B1247,Daily paid labour,10,survey,5,1,1,1,2,Daily paid labour,209637,S209637,Pere,1,44487.4041,44487.39823,jmpna07,44490.22722,jmpna07,1ed78c73-23c1-4578-ba9c-96ccd4cec40a,44487
288,faae1136-7d4d-45a2-a904-19fc3a5aaadb,JMPNA07,PER108_Pere,B1065,Yes partially correct,2,Yes,Yes,Yes,Dalit,Nepali,Combination of own production and purchase,No,NA,NA,Yes,Public Tap,25,Pan Toilet,Yes,2,"Yes, electricity available",NA,NA,NA,1,NA,NA,NA,NA,NA,NA,NA,NA,NA,NA,NA,NA,NA,1,NA,NA,1,1,NA,NA,NA,Stones and mud,Flat roof made of mud,Mud,Nepali,1 Kartik 2078,44487,B1065,Selling own crop production,6,survey,4,1,1,1,1,Selling own crop production,209686,S209686,Pere,1,44487.45182,44487.44654,jmpna07,44490.22727,jmpna07,b30e9440-a361-40e2-868e-d8b33acff088,44487
289,05fee979-7b6c-4036-ae04-1b2ec0dd3f16,JMPNA07,PER109_Pere,B1145,Yes all correct,2,Yes,Yes,Yes,Dalit,Nepali,Combination of own production and purchase,No,NA,NA,Yes,Tap in dwelling,5,Pan Toilet,Yes,3,"Yes, electricity available",1,1,NA,1,NA,NA,NA,NA,NA,NA,NA,NA,NA,NA,NA,NA,NA,1,NA,NA,1,1,NA,NA,NA,Stones and mud,Flat roof made of mud,Mud,Nepali,1 Kartik 2078,44487,B1145,Selling own crop production,9,survey,4,1,1,1,1,Selling own crop production,209719,S209719,Pere,1,44487.48601,44487.48028,jmpna07,44490.22729,jmpna07,c5cef012-174c-43c7-8d7a-63c9d370303d,44487
290,4a751825-77f4-4055-a400-c3741964d9bf,JMPNA07,PER110_Pere,B1013,Yes all correct,1,Yes,Yes,Yes,Matwali Chhetri,Nepali,Combination of own production and purchase,No,NA,NA,Yes,Tap in dwelling,5,Pan Toilet,Yes,2,"Yes, electricity available",NA,NA,NA,1,NA,NA,NA,NA,NA,NA,NA,NA,NA,NA,NA,NA,NA,1,NA,NA,1,1,NA,NA,NA,Stones and mud,Flat roof made of mud,Mud,Nepali,1 Kartik 2078,44487,B1013,Selling own crop production,3,reserve,3,1,1,0,1,Selling own crop production,209813,S209813,Pere,1,44487.57799,44487.57383,jmpna07,44490.22731,jmpna07,99b37eb6-a6f6-4a56-86b9-beca0b6bd8cd,44487
291,ffa1316c-090a-4073-8673-141b3e5948b8,JMPNA07,PER111_Pere,B1260,Yes partially correct,2,Yes,Yes,Yes,Matwali Chhetri,Nepali,Combination of own production and purchase,No,NA,NA,Yes,Tap in dwelling,5,Pan Toilet,Yes,5,"Yes, electricity available",NA,1,1,1,NA,NA,NA,NA,NA,NA,NA,NA,NA,NA,NA,NA,NA,1,NA,NA,1,1,NA,NA,NA,Stones and mud,Flat roof made of mud,Mud,Nepali,2 Kartik 2078,44488,B1260,Selling own crop production,10,reserve,5,1,1,3,0,Selling own crop production,210338,S210338,Pere,1,44488.10348,44488.09918,jmpna07,44490.22734,jmpna07,de2c6e3d-1278-441f-8aad-3d784d1c0584,44488
292,3aa31e50-de3d-4fef-99bf-7a98e090ba4d,JMPNA07,PER112_Pere,B1051,Yes all correct,2,Yes,Yes,Yes,Matwali Chhetri,Nepali,Combination of own production and purchase,No,NA,NA,Yes,Tap in dwelling,5,Pan Toilet,Yes,2,"Yes, electricity available",NA,NA,NA,1,NA,NA,NA,NA,NA,NA,NA,NA,NA,NA,NA,NA,NA,1,NA,NA,1,1,NA,NA,NA,Stones and mud,Flat roof made of mud,Mud,Nepali,2 Kartik 2078,44488,B1051,Selling own crop production,7,survey,4,1,1,1,1,Selling own crop production,210473,S210473,Pere,1,44488.23735,44488.23429,jmpna07,44490.22736,jmpna07,f4912ff6-95a1-4823-9bb6-fccdda528a6c,44488
293,3be67ec5-40d0-49b0-a474-b525299afb3b,JMPNA07,PER113_Pere,B1140,Yes all correct,2,Yes,Yes,Yes,Matwali Chhetri,Nepali,Combination of own production and purchase,No,NA,NA,Yes,Tap in dwelling,5,Pan Toilet,Yes,4,"Yes, electricity available",1,NA,NA,NA,NA,NA,NA,NA,NA,NA,NA,NA,NA,NA,NA,NA,NA,1,NA,NA,1,1,NA,NA,NA,Stones and mud,Flat roof made of mud,Mud,Nepali,2 Kartik 2078,44488,B1140,Selling own crop production,7,survey,4,1,1,1,1,Selling own crop production,210508,S210508,Pere,1,44488.27196,44488.26892,jmpna07,44490.22737,jmpna07,65a91507-afb4-45dc-a7b3-fec6cc42ab34,44488
294,ec18d2bf-43ee-477b-ac4e-8f0b3510cf2a,JMPNA07,PER114_Pere,B1212,Yes all correct,2,Yes,Yes,Yes,Matwali Chhetri,Nepali,Gifts,No,NA,NA,Yes,Public Tap,10,Pan Toilet,Yes,4,"Yes, electricity available",1,1,1,1,NA,NA,NA,NA,NA,1,NA,NA,NA,NA,NA,NA,NA,1,NA,NA,1,1,NA,NA,NA,Stones and mud,Flat roof made of mud,Mud,Nepali,2 Kartik 2078,44488,B1212,Selling own crop production,8,reserve,5,1,0,3,1,Selling own crop production,210530,S210530,Pere,1,44488.29363,44488.29081,jmpna07,44490.22748,jmpna07,528698b7-8c6d-4fe6-90e0-827d82dbf589,44488
295,e6d6904a-0626-44e9-ad31-83c2edddf221,JMPNA07,PER115_Pere,B1089,Yes all correct,2,Yes,Yes,Yes,Matwali Chhetri,Nepali,Combination of own production and purchase,No,NA,NA,Yes,Public Tap,10,Pan Toilet,Yes,4,"Yes, electricity available",NA,NA,NA,NA,NA,NA,NA,NA,NA,1,NA,NA,NA,NA,NA,NA,NA,1,NA,NA,1,1,NA,NA,NA,Stones and mud,Flat roof made of mud,Mud,Nepali,2 Kartik 2078,44488,B1089,Selling own crop production,7,survey,4,1,1,1,1,Selling own crop production,210554,S210554,Pere,1,44488.31762,44488.31522,jmpna07,44490.22757,jmpna07,fd643068-7bf2-4f96-b40a-083681356cc4,44488
296,0fd415f1-60e7-4d02-a1cf-c98b56b523c6,JMPNA07,PER116_Pere,B1204,Yes all correct,2,Yes,Yes,Yes,Matwali Chhetri,Nepali,Combination of own production and purchase,No,NA,NA,Yes,Tap in dwelling,5,Pan Toilet,Yes,6,"Yes, electricity available",NA,1,1,NA,NA,NA,NA,NA,NA,1,NA,NA,NA,NA,NA,NA,NA,1,1,NA,1,1,NA,NA,NA,Stones and mud,Flat roof made of mud,Mud,Nepali,2 Kartik 2078,44488,B1204,"Large scale trade (big shop in the bazaar, contractor etc)",9,survey,4,1,1,1,1,"Large scale trade (big shop in the bazaar, contractor etc)",210586,S210586,Pere,1,44488.3495,44488.34686,jmpna07,44490.22763,jmpna07,da9a03a8-2dff-4238-82b1-215961bf0a80,44488
297,c524266d-5632-45c6-9ec0-9f0c882a7d53,JMPNA07,PER117_Pere,B1219,Yes all correct,2,Yes,Yes,Yes,Matwali Chhetri,Nepali,Combination of own production and purchase,No,NA,NA,Yes,Tap in dwelling,5,Pan Toilet,Yes,4,"Yes, electricity available",NA,NA,NA,1,NA,NA,NA,NA,NA,NA,NA,NA,NA,NA,NA,NA,NA,1,NA,NA,1,1,NA,NA,NA,Stones and mud,Flat roof made of mud,Mud,Nepali,2 Kartik 2078,44488,B1219,Selling own crop production,8,survey,4,1,1,1,1,Selling own crop production,210710,S210710,Pere,1,44488.47314,44488.47076,jmpna07,44490.22772,jmpna07,c02ccab7-fb50-4aa3-a425-14b190d36428,44488
298,97b30050-b0d3-4a9e-b298-de8476118e1b,JMPNA07,PER118_Pere,B1256,Yes partially correct,2,Yes,Yes,Yes,Matwali Chhetri,Nepali,Combination of own production and purchase,No,NA,NA,Yes,Public Tap,20,Pan Toilet,Yes,8,"Yes, electricity available",1,NA,NA,NA,NA,NA,NA,NA,NA,NA,NA,NA,NA,NA,NA,NA,NA,1,NA,NA,1,1,NA,NA,NA,Stones and mud,Metal sheets,Mud,Nepali,2 Kartik 2078,44488,B1256,Selling own crop production,10,survey,4,1,1,1,1,Selling own crop production,210745,S210745,Pere,1,44488.5111,44488.50575,jmpna07,44490.22777,jmpna07,126427f2-1b0c-4431-aca3-59146ee64824,44488
299,5e7fa480-9755-4cec-b34f-c37fb6933498,JMPNA07,PER119_Pere,B1226,Yes all correct,2,Yes,Yes,Yes,Matwali Chhetri,Nepali,Combination of own production and purchase,No,NA,NA,Yes,Public Tap,20,Pan Toilet,Yes,10,"Yes, electricity available",NA,1,NA,NA,NA,NA,NA,NA,NA,1,NA,NA,NA,NA,NA,NA,NA,1,NA,NA,1,1,NA,NA,NA,Stones and mud,Flat roof made of mud,Mud,Nepali,3 Kartik 2078,44489,B1226,Selling own crop production,8,survey,5,1,1,1,2,Selling own crop production,211300,S211300,Pere,1,44489.06439,44489.06083,jmpna07,44490.22779,jmpna07,945ad3ea-9d51-48a0-8a01-737df9700285,44489
300,1e73d7a9-17c0-473f-b31f-93d9707918e0,JMPNA07,PER120_Pere,B1125,Yes all correct,2,Yes,Yes,Yes,Matwali Chhetri,Nepali,Combination of own production and purchase,No,NA,NA,Yes,Public Tap,10,Pan Toilet,Yes,4,"Yes, electricity available",NA,NA,1,1,NA,NA,NA,NA,NA,NA,NA,NA,NA,NA,NA,NA,NA,1,NA,NA,1,1,NA,NA,NA,Stones and mud,Flat roof made of mud,Mud,Nepali,3 Kartik 2078,44489,B1125,Selling own crop production,6,survey,4,1,1,1,1,Selling own crop production,211323,S211323,Pere,1,44489.08755,44489.08396,jmpna07,44490.22781,jmpna07,3b664554-aedc-46ae-b758-9f3e2abd8893,44489
301,b5917e09-8cc1-41d3-a170-64ff7440e7d6,JMPNA09,TIR101_Tirkhu,F1034,Yes all correct,4,Yes,Yes,Yes,Matwali Chhetri,Nepali,Combination of own production and purchase,No,NA,NA,Yes,Tap in dwelling,15,Pan Toilet,No,2,"Yes, electricity available",NA,1,1,NA,NA,NA,NA,NA,NA,NA,NA,NA,NA,NA,NA,NA,NA,1,NA,NA,1,NA,NA,NA,NA,Stones and mud,Metal sheets,Mud,Nepali,31 Ashwin 2078,44486,F1034,Daily paid labour,5,survey,5,1,1,1,2,Daily paid labour,208366,U208366,Tirkhu,1,44486.13519,44486.12677,jmpna09,44491.29888,jmpna09,4a6a3012-f6e2-4843-8660-0b5f978ab45a,44486
302,65bab2a1-8e16-4a3d-b729-905ed10c1642,JMPNA09,TIR102_Tirkhu,F1075,Yes all correct,4,Yes,Yes,Yes,Matwali Chhetri,Nepali,Combination of own production and purchase,No,NA,NA,Yes,Tap in dwelling,20,Pan Toilet,No,4,"Yes, electricity available",NA,NA,NA,1,NA,NA,NA,NA,NA,NA,NA,NA,NA,NA,NA,NA,NA,1,NA,NA,1,NA,NA,NA,NA,Stones and mud,Metal sheets,Mud,Nepali,31 Ashwin 2078,44486,F1075,Daily paid labour,8,survey,5,1,1,2,1,Daily paid labour,208448,U208448,Tirkhu,1,44486.21451,44486.20916,jmpna09,44491.29907,jmpna09,c1f4b004-de96-4c3d-a5eb-699f043f77da,44486
303,8458cf3e-38c5-409a-b4ed-bd00fe339275,JMPNA09,TIR104_Tirkhu,F1033,Yes all correct,4,Yes,Yes,Yes,Matwali Chhetri,Nepali,Combination of own production and purchase,No,NA,NA,Yes,Tap in dwelling,20,Pan Toilet,No,8,"Yes, electricity available",NA,NA,1,1,NA,NA,NA,NA,NA,NA,NA,NA,NA,NA,NA,NA,NA,1,NA,NA,1,NA,NA,NA,NA,Stones and mud,Metal sheets,Mud,Nepali,1 Kartik 2078,44487,F1033,Daily paid labour,6,survey,5,1,1,3,0,Daily paid labour,209530,U209530,Tirkhu,1,44487.29726,44487.29102,jmpna09,44491.29931,jmpna09,daa135a0-314f-4d87-bbb2-2ff0e9363821,44487
304,e83d2f52-db17-4aa1-9dd8-9bdf6649e347,JMPNA09,TIR105_Tirkhu,F1213,Yes all correct,4,Yes,Yes,Yes,Matwali Chhetri,Nepali,Combination of own production and purchase,Yes - living with relatives,NA,NA,Yes,Tap in yard/plot,5,Pan Toilet,No,6,"Yes, electricity available",1,1,1,1,NA,NA,NA,NA,NA,1,NA,NA,NA,NA,NA,NA,NA,1,NA,NA,1,NA,NA,NA,NA,Stones and mud,Flat roof made of mud,Mud,Nepali,1 Kartik 2078,44487,F1213,Daily paid labour,7,survey,4,1,1,2,0,Daily paid labour,209594,U209594,Tirkhu,1,44487.36715,44487.35541,jmpna09,44491.29961,jmpna09,eb947a96-8340-48c0-b22f-a60d1c91f4c4,44487
305,63989dbb-4c90-4a7d-9114-2e88395995c3,JMPNA09,TIR106_Tirkhu,F1212,Yes all correct,4,Yes,Yes,Yes,Matwali Chhetri,Nepali,Combination of own production and purchase,Yes - working,No,NA,Yes,Public Tap,30,Pan Toilet,No,6,"Yes, electricity available",1,NA,NA,1,NA,NA,NA,NA,NA,1,NA,NA,NA,NA,NA,NA,NA,1,1,NA,1,NA,NA,NA,NA,Stones and mud,Flat roof made of mud,Mud,Nepali,1 Kartik 2078,44487,F1212,Daily paid labour,3,survey,3,1,1,1,0,Daily paid labour,209668,U209668,Tirkhu,1,44487.43473,44487.42867,jmpna09,44491.30573,jmpna09,7a2a88f9-e210-43e0-99bd-0edcf5cdbb53,44487
306,0644a2a8-3f94-47f4-b863-c7ebd3157816,JMPNA09,TIR107_Tirkhu,F1047,Yes all correct,4,Yes,Yes,Yes,Matwali Chhetri,Nepali,Combination of own production and purchase,No,NA,NA,Yes,Public Tap,30,Bushes/Stream/Open Areas,NA,4,"Yes, electricity available",NA,NA,NA,1,NA,NA,NA,NA,NA,NA,NA,NA,NA,NA,NA,NA,NA,1,NA,NA,1,NA,NA,NA,NA,Stones and mud,Flat roof made of mud,Mud,Nepali,1 Kartik 2078,44487,F1047,Daily paid labour,5,survey,4,1,1,1,1,Daily paid labour,209720,U209720,Tirkhu,1,44487.48688,44487.48059,jmpna09,44491.30647,jmpna09,d54d04c9-e94c-4def-ae88-3f893f9f917a,44487
307,f6337fb4-093d-431e-9d70-a56f0d56ba00,JMPNA09,TIR103_Tirkhu,F1062,Yes all correct,4,Yes,Yes,Yes,Matwali Chhetri,Nepali,Combination of own production and purchase,No,NA,NA,Yes,Public Tap,25,Pan Toilet,No,4,"Yes, electricity available",NA,NA,1,1,1,NA,NA,NA,NA,1,NA,NA,NA,NA,NA,NA,NA,1,1,NA,1,NA,NA,NA,NA,Stones and mud,Flat roof made of mud,Mud,Nepali,2 Kartik 2078,44488,F1062,Daily paid labour,6,survey,5,1,1,3,0,Daily paid labour,210473,U210473,Tirkhu,1,44488.23421,44487.24097,jmpna09,44491.30696,jmpna09,039eb423-595d-4a56-b2b7-5036bbcca073,44488
308,0df5fd39-e881-4d1c-9690-b3b6519c2493,JMPNA09,TIR108_Tirkhu,F1208,Yes all correct,4,Yes,Yes,Yes,Matwali Chhetri,Nepali,Combination of own production and purchase,No,NA,NA,Yes,Tap in yard/plot,15,Pan Toilet,No,8,"Yes, electricity available",1,1,1,1,NA,NA,NA,NA,NA,1,NA,NA,NA,NA,NA,NA,NA,1,1,NA,1,NA,NA,NA,NA,Stones and mud,Flat roof made of mud,Wooden planks,Nepali,2 Kartik 2078,44488,F1208,Daily paid labour,10,survey,3,1,1,0,1,Daily paid labour,210527,U210527,Tirkhu,1,44488.293,44488.28818,jmpna09,44491.30747,jmpna09,87a32efc-4272-41bc-942d-62125d8a5901,44488
309,2baaf311-ffab-45f0-bd33-87f5e9b02e6d,JMPNA09,TIR109_Tirkhu,F1120,Yes all correct,4,Yes,Yes,Yes,Matwali Chhetri,Nepali,Combination of own production and purchase,No,NA,NA,Yes,Tap in dwelling,10,Pan Toilet,No,4,"Yes, electricity available",NA,1,1,1,NA,NA,NA,NA,NA,1,NA,NA,NA,NA,NA,NA,NA,1,NA,NA,1,NA,NA,NA,NA,Stones and mud,Flat roof made of mud,Mud,Nepali,2 Kartik 2078,44488,F1120,Daily paid labour,7,survey,4,1,1,1,1,Daily paid labour,210586,U210586,Tirkhu,1,44488.35382,44488.34726,jmpna09,44491.30802,jmpna09,a40c49b3-b148-4cee-90a5-8558ede0d4b7,44488
310,d713693a-52e0-45b1-8601-9c2ce0794e1e,JMPNA09,TIR110_Tirkhu,F1136,Yes all correct,4,Yes,Yes,Yes,Matwali Chhetri,Nepali,Combination of own production and purchase,No,NA,NA,Yes,Public Tap,30,Pan Toilet,No,6,"Yes, electricity available",NA,NA,NA,1,NA,NA,NA,NA,NA,1,NA,NA,NA,NA,NA,NA,NA,1,1,NA,1,NA,NA,NA,NA,Stones and mud,Metal sheets,Wooden planks,Nepali,2 Kartik 2078,44488,F1136,Daily paid labour,4,survey,3,1,1,1,0,Daily paid labour,210654,U210654,Tirkhu,1,44488.42079,44488.41454,jmpna09,44491.30816,jmpna09,cb04b861-a76b-42e0-8d73-44eaeb777393,44488
311,eadd176b-ee1c-48ef-85b9-c57969c27a50,JMPNA09,TIR111_Tirkhu,F1030,Yes all correct,4,Yes,Yes,Yes,Matwali Chhetri,Nepali,Combination of own production and purchase,No,NA,NA,Yes,Public Tap,30,Pan Toilet,Yes,4,"Yes, electricity available",NA,NA,NA,1,NA,NA,NA,NA,NA,1,NA,NA,NA,NA,NA,NA,NA,1,NA,NA,1,NA,NA,NA,NA,Stones and mud,Metal sheets,Mud,Nepali,2 Kartik 2078,44488,F1030,Daily paid labour,3,survey,3,1,1,0,1,Daily paid labour,210714,U210714,Tirkhu,1,44488.48031,44488.47519,jmpna09,44491.30888,jmpna09,0a212b78-9587-4836-a3f4-bcafb6fcfb50,44488
312,e4a193b7-82e6-4932-92a8-6244dcda866c,JMPNA09,TIR112_Tirkhu,F1104,Yes all correct,4,Yes,Yes,Yes,Matwali Chhetri,Nepali,Combination of own production and purchase,No,NA,NA,Yes,Tap in dwelling,15,Pan Toilet,No,4,"Yes, electricity available",NA,NA,NA,1,NA,NA,NA,NA,NA,NA,NA,NA,NA,NA,NA,NA,NA,1,NA,NA,1,NA,NA,NA,NA,Stones and mud,Flat roof made of mud,Mud,Nepali,3 Kartik 2078,44489,F1104,Selling own livestock (meat & poultry),6,survey,5,1,1,2,1,Selling own livestock (meat & poultry),211320,U211320,Tirkhu,1,44489.08576,44489.08051,jmpna09,44491.30941,jmpna09,2b842c6d-e5d2-4f97-ba32-3bf882e3d83e,44489
313,9b611fcc-8e3d-42cb-a297-3fc317e4b2c5,JMPNA09,TIR113_Tirkhu,F1056,Yes all correct,4,Yes,Yes,Yes,Matwali Chhetri,Nepali,Combination of own production and purchase,No,NA,NA,Yes,Public Tap,10,Pan Toilet,Yes,2,"Yes, electricity available",1,NA,1,1,NA,NA,NA,NA,NA,1,NA,NA,NA,NA,NA,NA,NA,1,1,NA,1,NA,NA,NA,NA,Stones and mud,Flat roof made of mud,Mud,Nepali,3 Kartik 2078,44489,F1056,Daily paid labour,7,survey,4,1,1,2,0,Daily paid labour,211368,U211368,Tirkhu,1,44489.13461,44489.12931,jmpna09,44491.30976,jmpna09,6a69e6d1-9f7a-4a0d-8c43-7f20baa3e973,44489
314,77af4dff-65e5-4b16-86c4-e77c2cf7dcd7,JMPNA09,TIR114_Tirkhu,F1142,Yes all correct,4,Yes,Yes,Yes,Matwali Chhetri,Nepali,Combination of own production and purchase,No,NA,NA,Yes,Public Tap,30,Pan Toilet,Yes,4,"Yes, electricity available",NA,NA,NA,1,NA,NA,NA,NA,NA,NA,NA,NA,NA,NA,NA,NA,NA,1,NA,NA,1,NA,NA,NA,NA,Stones and mud,Flat roof made of mud,Mud,Nepali,3 Kartik 2078,44489,F1142,Daily paid labour,5,survey,3,1,1,1,0,Daily paid labour,211411,U211411,Tirkhu,1,44489.17593,44489.1715,jmpna09,44491.31442,jmpna09,365369ed-2206-4632-aacc-9889c47416eb,44489
315,a116e956-ec89-43f0-ba21-e33fcd99b17a,JMPNA09,TIR115_Tirkhu,F1180,Yes all correct,4,Yes,Yes,Yes,Dalit,Nepali,Combination of own production and purchase,No,NA,NA,Yes,Tap in dwelling,10,Pan Toilet,No,2,"Yes, electricity available",NA,NA,1,1,1,NA,NA,NA,NA,NA,NA,NA,NA,NA,NA,NA,NA,1,NA,NA,1,NA,NA,NA,NA,Stones and mud,Metal sheets,Mud,Nepali,3 Kartik 2078,44489,F1180,Daily paid labour,5,survey,4,1,1,2,0,Daily paid labour,211607,U211607,Tirkhu,1,44489.37302,44489.36803,jmpna09,44491.3145,jmpna09,6418bc91-05af-459b-ad1d-cb67e23dfed6,44489
316,248ca90c-3725-4d8f-be52-7c6dca861cac,JMPNA09,TIR116_Tirkhu,F1182,Yes all correct,4,Yes,Yes,Yes,Dalit,Nepali,Combination of own production and purchase,No,NA,NA,Yes,Tap in dwelling,8,Pan Toilet,No,8,"Yes, electricity available",NA,NA,1,1,NA,NA,NA,NA,NA,NA,NA,NA,NA,NA,NA,NA,NA,1,NA,NA,1,NA,NA,NA,NA,Stones and mud,Flat roof made of mud,Mud,Nepali,3 Kartik 2078,44489,F1182,Daily paid labour,8,survey,5,1,1,1,2,Daily paid labour,211664,U211664,Tirkhu,1,44489.43068,44489.42522,jmpna09,44491.31576,jmpna09,3ebad828-a21a-4055-9960-3b17224cec97,44489
317,283a3e81-85c9-4aac-aba2-91c79f7f2267,JMPNA09,TIR117_Tirkhu,F1171,Yes all correct,4,Yes,Yes,Yes,Janajati (not newari),Other,Combination of own production and purchase,Yes - working,No,NA,Yes,Tap in dwelling,10,Pan Toilet,No,3,"Yes, electricity available",1,NA,1,1,NA,NA,NA,NA,NA,1,NA,NA,NA,NA,NA,NA,NA,1,1,NA,1,NA,NA,NA,NA,Stones and mud,Flat roof made of mud,Mud,Nepali,4 Kartik 2078,44490,F1171,Daily paid labour,7,survey,5,1,1,1,2,Daily paid labour,212351,U212351,Tirkhu,1,44490.11802,44490.11225,jmpna09,44491.31597,jmpna09,5e14ff27-3f9d-4963-9f8c-e054602589a4,44490
318,63a446ce-d36c-4b4d-b8da-82eeb203ad90,JMPNA09,TIR118_Tirkhu,F1176,Yes all correct,4,Yes,Yes,Yes,Janajati (not newari),Other,Combination of own production and purchase,No,NA,NA,Yes,Tap in dwelling,8,Pan Toilet,No,9,"Yes, electricity available",NA,NA,1,1,NA,NA,NA,NA,NA,NA,NA,NA,NA,NA,NA,NA,NA,1,1,NA,1,NA,NA,NA,NA,Stones and mud,Metal sheets,Mud,Other,4 Kartik 2078,44490,F1176,Daily paid labour,6,survey,4,1,1,1,1,Daily paid labour,212407,U212407,Tirkhu,1,44490.17368,44490.16749,jmpna09,44491.31692,jmpna09,c75063bb-445d-421d-b8e3-409e321db0da,44490
319,8edddd5a-d25e-4963-9673-5eff01ba0f8b,JMPNA09,TIR119_Tirkhu,F1187,Yes all correct,4,Yes,Yes,Yes,Dalit,Nepali,Combination of own production and purchase,No,NA,NA,Yes,Tap in dwelling,8,Pan Toilet,No,4,"Yes, solar available",1,NA,NA,1,NA,NA,NA,NA,NA,NA,NA,NA,NA,NA,NA,NA,NA,1,NA,NA,1,NA,NA,NA,NA,Stones and mud,Metal sheets,Mud,Nepali,4 Kartik 2078,44490,F1187,Daily paid labour,5,survey,3,1,1,1,0,Daily paid labour,212449,U212449,Tirkhu,1,44490.21337,44490.20992,jmpna09,44491.31697,jmpna09,7a3adff2-b273-4f89-90bc-630fec174598,44490
320,3e68ff24-e805-481c-b78e-c434406c39d2,JMPNA09,TIR120_Tirkhu,F1170,Yes all correct,4,Yes,Yes,Yes,Dalit,Other,Combination of own production and purchase,Yes - working,No,NA,Yes,Tap in dwelling,25,Pan Toilet,No,5,"Yes, electricity available",NA,NA,1,1,1,NA,NA,NA,NA,NA,NA,NA,NA,NA,NA,NA,NA,1,NA,NA,1,NA,NA,NA,NA,Stones and mud,Metal sheets,Wooden planks,Other,4 Kartik 2078,44490,F1170,Daily paid labour,5,survey,3,1,1,1,0,Daily paid labour,212567,U212567,Tirkhu,1,44490.33311,44490.32759,jmpna09,44491.31704,jmpna09,068ade3d-ddbc-4f0c-8e7f-ffe343375378,44490
323,43e03fd7-14aa-48cc-aa7c-09db97c0d2cc,JMPNA10,URT112_Urthu,H1072,Yes all correct,6,Yes,Yes,Yes,Matwali Chhetri,Nepali,Combination of own production and purchase,No,NA,NA,Yes,Tap in yard/plot,5,Pan Toilet,No,9,"Yes, electricity available",NA,1,1,1,NA,NA,NA,NA,NA,1,NA,NA,NA,NA,NA,NA,NA,1,1,NA,1,1,NA,NA,NA,Stones and mud,Metal sheets,Mud,Nepali,4 Kartik 2078,44490,H1072,Selling own crop production,5,survey,3,1,1,0,1,Selling own crop production,212489,V212489,Urthu,1,44490.26366,44490.24972,jmpna10,44493.39425,jmpna10,bc7aaa29-07dd-48ad-891d-bbe77c0b87ba,44490
324,57fb3e6a-796b-4848-b297-a4cb99110149,JMPNA10,URT113_Urthu,H1055,Yes all correct,6,Yes,Yes,Yes,Matwali Chhetri,Nepali,Combination of own production and purchase,No,NA,NA,Yes,Tap in yard/plot,5,Pan Toilet,No,5,"Yes, electricity available",1,1,1,1,NA,NA,NA,NA,NA,1,NA,NA,NA,NA,NA,NA,NA,1,1,NA,1,1,NA,NA,NA,Stones and mud,Flat roof made of mud,Mud,Nepali,4 Kartik 2078,44490,H1055,Selling own crop production,8,survey,3,1,1,0,1,Selling own crop production,212556,V212556,Urthu,1,44490.32719,44490.31713,jmpna10,44493.39432,jmpna10,2136046e-ac79-404c-aa94-2f056a011e67,44490
325,d26ab380-8f42-48ad-86de-62986a940905,JMPNA10,URT114_Urthu,H1099,Yes all correct,6,Yes,Yes,Yes,Matwali Chhetri,Nepali,Combination of own production and purchase,No,NA,NA,Yes,Tap in dwelling,5,Pan Toilet,Yes,4,"Yes, electricity available",1,NA,NA,1,NA,NA,NA,NA,NA,1,NA,NA,NA,NA,NA,NA,NA,1,NA,NA,1,1,NA,NA,NA,Stones and mud,Flat roof made of mud,Mud,Nepali,5 Kartik 2078,44491,H1099,Selling own crop production,6,survey,4,1,1,1,1,Selling own crop production,213362,V213362,Urthu,1,44491.12589,44491.12333,jmpna10,44493.39436,jmpna10,d9b5abfb-af3a-4e36-a243-7253c5535348,44491
326,7284d1bb-a671-432c-bb56-470dde13c07f,JMPNA10,URT115_Urthu,H1067,Yes all correct,6,Yes,Yes,Yes,Matwali Chhetri,Nepali,Combination of own production and purchase,No,NA,NA,Yes,Public Tap,20,Pan Toilet,Yes,2,"Yes, electricity available",NA,1,NA,1,NA,NA,NA,NA,NA,NA,NA,NA,NA,NA,NA,NA,NA,1,NA,NA,1,1,NA,NA,NA,Stones and mud,Flat roof made of mud,Mud,Nepali,5 Kartik 2078,44491,H1067,Selling own crop production,4,reserve,3,1,1,0,1,Selling own crop production,213400,V213400,Urthu,1,44491.16571,44491.16123,jmpna10,44493.39439,jmpna10,a826d1e8-e539-4d03-8ae8-08ce22e69771,44491
327,fd932f62-bbbf-49f5-965f-96821ca955e5,JMPNA10,URT116_Urthu,H1009,Yes all correct,6,Yes,Yes,Yes,Matwali Chhetri,Nepali,Combination of own production and purchase,No,NA,NA,Yes,Tap in dwelling,5,Pan Toilet,Yes,4,"Yes, electricity available",NA,NA,1,NA,NA,NA,NA,NA,NA,NA,NA,NA,NA,NA,NA,NA,NA,1,NA,NA,1,1,NA,NA,NA,Stones and mud,Flat roof made of mud,Mud,Nepali,5 Kartik 2078,44491,H1009,Selling own crop production,4,survey,3,1,1,0,1,Selling own crop production,213424,V213424,Urthu,1,44491.1881,44491.18498,jmpna10,44493.39441,jmpna10,44eb0d77-77a2-4b78-aac6-8c058f5d4c2a,44491
329,f280a8c3-2f90-4586-888f-de8afaa4f55d,JMPNA10,URT118_Urthu,H1097,Yes all correct,6,Yes,Yes,Yes,Matwali Chhetri,Nepali,Combination of own production and purchase,No,NA,NA,Yes,Tap in yard/plot,6,Pan Toilet,No,8,"Yes, electricity available",1,1,1,1,NA,NA,NA,NA,NA,1,NA,NA,NA,NA,NA,NA,NA,1,1,1,1,1,NA,NA,NA,Stones and mud,Metal sheets,Mud,Nepali,5 Kartik 2078,44491,H1097,"Medium scale trade (small grocery, medicine shop, small rice mill, etc)",6,survey,3,1,1,0,1,"Medium scale trade (small grocery, medicine shop, small rice mill, etc)",213685,V213685,Urthu,1,44491.45525,44491.44625,jmpna10,44493.39444,jmpna10,e1c211c4-9867-4140-bfab-ca94ceeac618,44491
330,d1ce4b7e-0f20-4517-b951-3db9aba84494,JMPNA10,URT119_Urthu,H1060,Yes all correct,6,Yes,Yes,Yes,Matwali Chhetri,Nepali,Combination of own production and purchase,No,NA,NA,Yes,Tap in yard/plot,5,Pan Toilet,No,6,"Yes, electricity available",1,1,1,1,NA,NA,NA,NA,NA,1,NA,NA,NA,NA,NA,NA,NA,1,1,NA,1,1,NA,NA,NA,Stones and mud,Flat roof made of mud,Mud,Nepali,5 Kartik 2078,44491,H1060,Selling own crop production,7,survey,4,1,1,2,0,Selling own crop production,213744,V213744,Urthu,1,44491.51612,44491.50454,jmpna10,44493.39446,jmpna10,74e1835e-f47c-4203-991d-3f6aa66815e6,44491
331,88dee49e-084e-47b1-9bee-cd38f9581699,JMPNA10,URT120_Urthu,H1088,Yes all correct,6,Yes,Yes,Yes,Matwali Chhetri,Nepali,Combination of own production and purchase,No,NA,NA,Yes,Tap in yard/plot,5,Pan Toilet,No,5,"Yes, electricity available",NA,1,1,1,NA,NA,NA,NA,NA,1,NA,NA,NA,NA,NA,NA,NA,1,1,NA,1,1,NA,NA,NA,Stones and mud,Flat roof made of mud,Mud,Nepali,6 Kartik 2078,44492,H1088,Selling own crop production,4,survey,3,1,1,0,1,Selling own crop production,214334,V214334,Urthu,1,44492.10284,44492.09488,jmpna10,44493.39448,jmpna10,f49dc0da-9273-467f-9ccf-360d3e3cf27b,44492
332,054751e8-ece5-4ef0-8f31-d4d357e5047f,JMPNA10,URT121_Urthu,H1020,Yes all correct,6,Yes,Yes,Yes,Matwali Chhetri,Nepali,Combination of own production and purchase,No,NA,NA,Yes,Tap in yard/plot,5,Pan Toilet,No,5,"Yes, electricity available",NA,1,1,1,NA,NA,NA,NA,NA,NA,NA,NA,NA,NA,NA,NA,NA,1,1,NA,1,1,NA,NA,NA,Stones and mud,Flat roof made of mud,Mud,Nepali,6 Kartik 2078,44492,H1020,Selling own crop production,5,survey,4,1,1,0,2,Selling own crop production,214390,V214390,Urthu,1,44492.16056,44492.15125,jmpna10,44493.39453,jmpna10,604ed6dc-538a-4067-a8d4-206588f3b6d2,44492
333,e204d2f7-3362-49a0-9904-d7598185e9d3,JMPNA03,GAD113_Gadigaun,A1193,Yes all correct,1,Yes,Yes,Yes,Matwali Chhetri,Nepali,Combination of own production and purchase,Yes - studying,NA,NA,Yes,Tap in yard/plot,10,Pan Toilet,No,4,"Yes, electricity available",1,NA,1,1,NA,NA,NA,1,NA,1,NA,1,NA,NA,NA,NA,NA,1,1,NA,1,1,NA,NA,NA,Stones and mud,Flat roof made of mud,Mud,Nepali,5 Kartik 2078,44491,A1193,Office job,17,survey,5,1,1,2,1,Office job,213643,O213643,Gadigaun,1,44491.40816,44491.40431,jmpna03,44498.11032,jmpna03,60fbb900-7b5c-4b23-bda8-5d6c40e7ad64,44491
334,74cf3fa8-9a93-448a-b170-ac7804d6c2dd,JMPNA03,GAD114_Gadigaun,A1008,Yes all correct,1,Yes,Yes,Yes,Matwali Chhetri,Nepali,Combination of own production and purchase,Yes - studying,NA,NA,Yes,Tap in yard/plot,10,Pan Toilet,No,6,"Yes, electricity available",NA,NA,NA,1,NA,NA,NA,NA,NA,NA,NA,NA,NA,NA,NA,NA,NA,1,NA,NA,1,1,NA,NA,NA,Stones and mud,Metal sheets,Mud,Nepali,5 Kartik 2078,44491,A1008,Selling own crop production,10,survey,4,1,1,1,1,Selling own crop production,213693,O213693,Gadigaun,1,44491.4564,44491.45407,jmpna03,44498.11037,jmpna03,3a4e242d-ea9c-4d5c-ac20-f4d4e9c0eeaa,44491
335,2858efa0-55a1-4de6-920a-f54c0da77998,JMPNA03,GAD115_Gadigaun,A1004,Yes all correct,1,Yes,Yes,Yes,Matwali Chhetri,Nepali,Combination of own production and purchase,No,NA,NA,Yes,Tap in yard/plot,10,Pan Toilet,No,4,"Yes, electricity available",NA,NA,NA,NA,NA,NA,NA,NA,NA,NA,NA,NA,NA,NA,NA,NA,1,1,NA,NA,1,1,NA,NA,NA,Stones and mud,Metal sheets,Mud,Nepali,5 Kartik 2078,44491,A1004,Selling own crop production,5,reserve,3,1,1,1,0,Selling own crop production,213732,O213732,Gadigaun,1,44491.49478,44491.49242,jmpna03,44498.11042,jmpna03,253ee1f1-b776-4abb-a144-8ebbdec5960c,44491
336,abe103e7-33a4-4be1-866e-305237ac67fd,JMPNA03,GAD116_Gadigaun,A1190,Yes all correct,1,Yes,Yes,Yes,Matwali Chhetri,Nepali,Combination of own production and purchase,No,NA,NA,Yes,Tap in yard/plot,12,Pan Toilet,No,2,"Yes, electricity available",NA,NA,1,NA,NA,NA,NA,NA,NA,NA,NA,NA,NA,NA,NA,NA,NA,1,NA,NA,1,1,NA,NA,NA,Stones and mud,Flat roof made of mud,Mud,Nepali,6 Kartik 2078,44492,A1190,Selling own livestock (meat & poultry),8,survey,5,1,1,2,1,Selling own livestock (meat & poultry),214331,O214331,Gadigaun,1,44492.09366,44492.09197,jmpna03,44498.11045,jmpna03,b829556a-455a-4ee6-a8df-f9ff26e3ef6e,44492
337,cd8b8068-f624-479f-a1cf-85b19d89f755,JMPNA03,GAD117_Gadigaun,A1125,Yes all correct,1,Yes,Yes,Yes,Matwali Chhetri,Nepali,Combination of own production and purchase,No,NA,NA,Yes,Tap in yard/plot,15,Pan Toilet,No,2,"Yes, electricity available",NA,NA,1,1,NA,NA,NA,NA,NA,NA,NA,NA,NA,NA,NA,NA,NA,1,NA,NA,1,1,NA,NA,NA,Stones and mud,Flat roof made of mud,Mud,Nepali,6 Kartik 2078,44492,A1125,Selling own livestock (meat & poultry),7,survey,4,1,1,1,1,Selling own livestock (meat & poultry),214391,O214391,Gadigaun,1,44492.15409,44492.15215,jmpna03,44498.1105,jmpna03,4b7edaa6-2c40-4634-a708-f39850add339,44492
339,5328150b-8b0b-4d6f-9f86-23722ac83b06,JMPNA03,GAD119_Gadigaun,A1022,Yes all correct,1,Yes,Yes,Yes,Matwali Chhetri,Nepali,Combination of own production and purchase,No,NA,NA,Yes,Tap in yard/plot,15,Pan Toilet,No,2,"Yes, electricity available",NA,NA,NA,1,NA,NA,NA,NA,NA,1,NA,NA,NA,NA,NA,NA,NA,1,1,NA,1,1,NA,NA,NA,Stones and mud,Flat roof made of mud,Mud,Nepali,7 Kartik 2078,44493,A1022,Selling own crop production,5,reserve,3,1,1,1,0,Selling own crop production,215331,O215331,Gadigaun,1,44493.09387,44493.092,jmpna03,44498.11057,jmpna03,7cb5ac1f-6151-49de-8242-214b2b8e3c87,44493
340,e8bbc52f-fee7-4e70-9c9b-6aef5cd79c13,JMPNA03,GAD120_Gadigaun,A1050,Yes all correct,1,Yes,Yes,Yes,Matwali Chhetri,Nepali,Combination of own production and purchase,No,NA,NA,Yes,Tap in yard/plot,13,Pan Toilet,Yes,3,"Yes, electricity available",NA,1,1,1,NA,NA,NA,NA,NA,1,NA,NA,NA,NA,NA,NA,NA,1,1,NA,1,1,NA,NA,NA,Stones and mud,Flat roof made of mud,Mud,Nepali,7 Kartik 2078,44493,A1050,Office job,5,survey,3,1,1,1,0,Office job,215353,O215353,Gadigaun,1,44493.11553,44493.11347,jmpna03,44498.1106,jmpna03,3655d370-242c-4f59-bc19-4cf3adabd8ff,44493
362,e8940a54-0358-4305-b291-16e4f585df94,JMPNA03,GAD121_Gadigaun,A1040,Yes all correct,1,Yes,Yes,Yes,Matwali Chhetri,Nepali,Combination of own production and purchase,Yes - studying,NA,NA,Yes,Tap in dwelling,12,Pan Toilet,No,4,"Yes, electricity available",NA,1,1,NA,NA,NA,NA,NA,NA,1,NA,NA,NA,NA,NA,NA,NA,1,NA,NA,1,1,NA,NA,NA,Stones and mud,Flat roof made of mud,Mud,Nepali,12 Mangsir 2078,44528,A1040,Selling own crop production,8,reserve,4,1,1,0,2,Selling own crop production,250563,O250563,Gadigaun,1,44528.32667,44528.32373,jmpna03,44530.1569,jmpna03,6d64ef6d-37ac-4ca4-a000-2e8032148c8b,44528
363,d169c152-d4eb-4e5c-9ee1-e85e66603161,JMPNA05,LUM121_Lum,E1059,Yes all correct,4,Yes,Yes,Yes,Dalit,Nepali,Combination of own production and purchase,No,NA,NA,Yes,Tap in yard/plot,20,Pan Toilet,No,3,"Yes, electricity available",NA,1,1,1,NA,NA,NA,NA,NA,1,NA,NA,NA,NA,NA,NA,NA,1,NA,NA,1,NA,NA,NA,NA,Stones and mud,Flat roof made of mud,Mud,Nepali,27 Mangsir 2078,44543,E1059,Daily paid labour,7,reserve,4,1,1,1,1,Daily paid labour,265703,Q265703,Lum,1,44543.46904,44543.46409,jmpna05,44545.22691,jmpna05,736f3c6f-c000-4aef-acba-33d7a98dc75f,44543
364,15b41b1c-5fa0-4406-a47d-4b6cd62f0eb1,JMPNA05,LUM123_Lum,E1135,Yes all correct,4,Yes,Yes,Yes,Dalit,Nepali,Combination of own production and purchase,No,NA,NA,Yes,Tap in yard/plot,15,Pan Toilet,No,6,"Yes, electricity available",1,1,1,1,NA,NA,NA,NA,NA,NA,NA,NA,NA,NA,NA,NA,NA,1,NA,NA,1,NA,NA,NA,NA,Stones and mud,Metal sheets,Mud,Nepali,28 Mangsir 2078,44544,E1135,Selling own crop production,5,reserve,4,1,1,1,1,Selling own crop production,266475,Q266475,Lum,1,44544.24027,44544.23546,jmpna05,44545.22755,jmpna05,4d7c4933-4016-45f5-9d0a-394b675df19a,44544
366,c7ae8324-e199-417a-8c71-5e1ac9a3f1be,JMPNA01,CHA112_Chaur,D1167,Yes all correct,3,Yes,Yes,Yes,Matwali Chhetri,Nepali,Combination of own production and purchase,No,NA,NA,Yes,Tap in yard/plot,5,Pan Toilet,No,4,"Yes, electricity available",NA,NA,NA,1,NA,NA,NA,NA,NA,NA,NA,NA,NA,NA,NA,NA,NA,1,NA,NA,1,1,NA,NA,NA,Stones and mud,Flat roof made of mud,Mud,Nepali,7 Poush 2078,44552,D1167,Daily paid labour,9,reserve,4,1,1,0,2,Daily paid labour,274501,274501,Chaur,1,44552.26558,44552.26161,jmpna01,44556.27572,jmpna01,f8e39c9e-8540-4057-8a14-fbeb0b49f342,44552
367,5de350f3-86dc-47c5-8e31-3be0938981c5,JMPNA06,PAT116_Patmara,J1040,Yes all correct,7,Yes,Yes,Yes,Matwali Chhetri,Nepali,Combination of own production and purchase,Yes - working,No,NA,Yes,Tap in yard/plot,5,Pan Toilet,No,3,"Yes, electricity available",1,NA,1,1,NA,NA,NA,NA,NA,NA,NA,1,NA,NA,NA,NA,NA,1,1,NA,1,1,NA,NA,NA,Stones and mud,Flat roof made of mud,Mud,Nepali,10 Poush 2078,44555,J1040,"Small scale trade (small market stall, very small shop at home)",6,reserve,4,1,1,0,2,"Small scale trade (small market stall, very small shop at home)",277782,R277782,Patmara,1,44555.54722,44555.54328,jmpna06,44560.32293,jmpna06,7a458a27-4a11-4132-a56d-f7f20af17200,44555
368,fd9e2ccb-9f4f-4a17-8703-114691fb958f,JMPNA06,PAT123_Patmara,J1066,Yes partially correct,7,Yes,Yes,Yes,Matwali Chhetri,Nepali,Gifts,No,NA,NA,Yes,Tap in yard/plot,10,Pan Toilet,No,4,"Yes, electricity available",NA,1,NA,1,NA,NA,NA,NA,NA,NA,NA,NA,NA,NA,NA,NA,NA,1,NA,NA,NA,1,NA,NA,NA,Stones and mud,Flat roof made of mud,Mud,Nepali,11 Poush 2078,44556,J1066,Selling own crop production,6,reserve,3,1,1,1,0,Selling own crop production,278544,R278544,Patmara,1,44556.30825,44556.30481,jmpna06,44560.323,jmpna06,636e2b1c-04c3-417a-91fa-dbadff3ec2f4,44556
369,622c8640-ff47-4eb4-bde4-7d4cefa827e2,JMPNA06,PAT125_Patmara,J1109,Yes all correct,7,Yes,Yes,Yes,Matwali Chhetri,Nepali,Combination of own production and purchase,Yes - working,No,NA,Yes,Tap in yard/plot,11,Pan Toilet,No,3,"Yes, electricity available",NA,NA,1,NA,NA,NA,NA,NA,NA,NA,NA,NA,NA,NA,NA,NA,NA,1,NA,NA,NA,1,NA,NA,NA,Stones and mud,Flat roof made of mud,Mud,Nepali,14 Poush 2078,44559,J1109,Selling own crop production,5,reserve,3,1,1,0,1,Selling own crop production,281485,R281485,Patmara,1,44559.24949,44559.24603,jmpna06,44560.32353,jmpna06,1976b2f4-c0a4-45e3-8b50-ff27d3e43c2a,44559
371,02c01fa2-a7db-4930-b8c2-58377aa761a2,JMPNA10,URT122_Urthu,H1013,Yes all correct,6,Yes,Yes,Yes,Matwali Chhetri,Nepali,Combination of own production and purchase,No,NA,NA,Yes,Tap in yard/plot,5,Pan Toilet,No,3,"Yes, electricity available",NA,1,1,NA,NA,NA,NA,NA,NA,1,NA,NA,NA,NA,NA,NA,NA,1,NA,NA,1,NA,NA,NA,NA,Stones and mud,Flat roof made of mud,Mud,Nepali,22 Poush 2078,44567,H1013,Selling own crop production,4,reserve,3,1,1,1,0,Selling own crop production,289551,V289551,Urthu,1,44567.31771,44567.31141,jmpna10,44575.45531,jmpna10,27834532-616d-4f97-a9f2-2f6cd70a77b6,44567
375,ecc87ad7-c25f-4009-b785-e33ca25413ab,JMPNA01,CHA105_Chaur,D1136,Yes all correct,3,Yes,Yes,Yes,Matwali Chhetri,Nepali,Combination of own production and purchase,Yes - studying,NA,NA,Yes,Tap in dwelling,10,Pan Toilet,No,10,"Yes, electricity available",NA,NA,NA,1,NA,NA,NA,NA,NA,NA,NA,NA,NA,NA,NA,NA,NA,1,1,NA,1,1,NA,NA,NA,Stones and mud,Metal sheets,Mud,Nepali,6 Magh 2078,44581,D1136,Selling own crop production,6,reserve,4,1,1,2,0,Selling own crop production,303486,M303486,Chaur,1,44581.25101,44581.2466,jmpna01,44587.50922,jmpna01,156b6922-a144-484b-b17b-91cb86a1df28,44581
376,38922c48-8fb1-460a-9d77-85e9db4a1349,JMPNA02,CHU123_Chum,C1098,Yes all correct,3,Yes,Yes,Yes,Matwali Chhetri,Jumli dialect,Combination of own production and purchase,No,NA,NA,Yes,Tap in yard/plot,10,Pan Toilet,No,4,"Yes, electricity available",NA,NA,NA,1,NA,NA,NA,NA,NA,1,NA,NA,NA,NA,NA,NA,NA,1,NA,NA,1,NA,NA,NA,NA,Stones and mud,Flat roof made of mud,Wooden planks,Nepali,27 Magh 2078,44602,C1098,Daily paid labour,5,reserve,3,1,1,0,1,Daily paid labour,324359,N324359,Chum,1,44602.12353,44602.1201,jmpna02,44602.17284,jmpna02,4fa0c04d-a726-4741-bc88-d97a3c19746f,44602
377,e04495aa-f0a0-49a9-a4cc-c8663ae381ae,JMPNA01,CHA107_Chaur,D1050,Yes all correct,3,Yes,Yes,Yes,Matwali Chhetri,Nepali,Purchase,No,NA,NA,Yes,Tap in yard/plot,5,Pan Toilet,No,4,"Yes, electricity available",NA,NA,1,NA,NA,NA,NA,NA,NA,1,NA,NA,NA,NA,NA,NA,NA,1,NA,NA,NA,1,NA,NA,NA,Stones and mud,Flat roof made of mud,Mud,Nepali,8 Falgun 2078,44612,D1050,Daily paid labour,6,reserve,4,1,1,2,0,Daily paid labour,334433,334433,Chaur,1,44612.19809,44612.19356,jmpna01,44620.41333,jmpna01,ecb0818b-4299-4022-9506-ea6458bdb632,44612
378,1140b450-48f4-4958-a2c2-7f62c60c1681,JMPNA09,TIR121_Tirkhu,F1101,Yes all correct,4,Yes,Yes,Yes,Matwali Chhetri,Nepali,Combination of own production and purchase,No,NA,NA,Yes,Tap in dwelling,10,Pan Toilet,Yes,3,"Yes, electricity available",NA,NA,NA,1,NA,NA,NA,NA,NA,NA,NA,NA,NA,NA,NA,NA,NA,1,NA,NA,1,NA,NA,NA,NA,Stones and mud,Flat roof made of mud,Mud,Nepali,10 Falgun 2078,44614,F1101,Daily paid labour,5,reserve,3,1,1,0,1,Daily paid labour,336369,U336369,Tirkhu,1,44614.14009,44614.12968,jmpna09,44623.1652,jmpna09,7e0f823e-60a9-43d8-9ac1-ea4a2291a764,44614
379,01ec89a4-cc41-40c6-bb7a-081eb6c9acda,JMPNA05,LUM124_Lum,E1030,Yes all correct,4,Yes,Yes,Yes,Dalit,Nepali,Combination of own production and purchase,No,NA,NA,Yes,Tap in yard/plot,20,Pan Toilet,Yes,5,"Yes, electricity available",NA,NA,1,NA,NA,NA,NA,NA,NA,1,NA,NA,NA,NA,NA,NA,NA,1,NA,NA,1,NA,NA,NA,NA,Stones and mud,Flat roof made of mud,Mud,Nepali,31 Baishakh 2079,44695,E1030,Daily paid labour,8,reserve,5,1,1,1,2,Daily paid labour,417606,Q417606,Lum,1,44695.37416,44695.36713,jmpna05,44698.13223,jmpna05,c2c92a3a-edf4-449b-bc60-538e7f317cc2,44695
380,f421a190-3df8-426f-aafb-f655265e3189,JMPNA10,URT101_Urthu,H1016,Yes all correct,6,Yes,Yes,Yes,Matwali Chhetri,Nepali,Combination of own production and purchase,No,NA,NA,Yes,Tap in yard/plot,6,Pan Toilet,No,6,"Yes, electricity available",NA,1,1,NA,NA,NA,NA,NA,NA,1,NA,NA,NA,NA,NA,NA,NA,1,NA,NA,1,NA,NA,NA,NA,Stones and cement,Metal sheets,Cement,Nepali,13 Jestha 2079,44708,H1016,Selling own crop production,5,reserve,3,1,1,0,1,Selling own crop production,430271,V430271,Urthu,1,44708.03973,44708.03237,jmpna10,44714.51369,jmpna10,cca881e3-395c-4759-b9a1-cbda20a7d750,44708
381,13535a9c-b8fd-447e-a970-4db42d3364ac,JMPNA05,LUM125_Lum,E1250,Yes all correct,4,Yes,Yes,Yes,Matwali Chhetri,Nepali,Combination of own production and purchase,No,NA,NA,Yes,Tap in yard/plot,20,Pan Toilet,No,4,"Yes, electricity available",NA,1,1,1,NA,NA,NA,NA,NA,1,NA,1,NA,NA,NA,NA,NA,1,1,NA,1,NA,NA,NA,NA,Stones and mud,Flat roof made of mud,Mud,Nepali,6 Ashadh 2079,44732,E1250,Selling own crop production,10,reserve,5,1,1,1,2,Selling own crop production,454423,454423,Lum,1,44732.18726,44732.18145,jmpna05,44744.33984,jmpna05,bc2d1c91-5e62-4a40-92fb-6ed8d6233875,44732
